order_id,customer_id,order_date,status,region_code
1,84,2023-03-05 00:00:00,CANCELLED,EAST
2,340,2022-11-09 00:00:00,RETURNED,EAST
3,321,2022-07-28 00:00:00,PLACED,EAST
4,254,2022-09-09 00:00:00,CANCELLED,NORTH
5,240,2022-07-28 00:00:00,CANCELLED,WEST
6,391,2024-12-13 00:00:00,PLACED,WEST
7,179,2026-06-02 00:00:00,SHIPPED,WEST
8,270,2022-11-11 00:00:00,SHIPPED,EAST
9,353,2023-11-14 00:00:00,CANCELLED,WEST
10,179,2024-05-14 00:00:00,RETURNED,EAST
11,218,2022-12-15 00:00:00,PLACED,WEST
12,489,2024-05-02 00:00:00,RETURNED,SOUTH
13,79,2024-04-29 00:00:00,PLACED,EAST
14,423,2022-09-05 00:00:00,DELIVERED,NORTH
15,76,2024-09-28 00:00:00,PLACED,SOUTH
16,179,2023-11-01 00:00:00,CANCELLED,WEST
17,273,2022-09-09 00:00:00,PLACED,EAST
18,99,2022-12-09 00:00:00,RETURNED,NORTH
19,244,2023-07-06 00:00:00,PLACED,SOUTH
20,252,2025-06-26 00:00:00,CANCELLED,SOUTH
21,362,2025-01-31 00:00:00,DELIVERED,NORTH
22,192,2024-04-22 00:00:00,DELIVERED,WEST
23,107,13-02-2025 00:00:00,PLACED,WEST
24,360,2025-08-25 00:00:00,CANCELLED,WEST
25,20,2022-05-22 00:00:00,RETURNED,NORTH
26,497,2023-05-17 00:00:00,PLACED,WEST
27,86,2025-11-18 00:00:00,RETURNED,SOUTH
28,151,2023-12-31 00:00:00,SHIPPED,EAST
29,466,2026-04-24 00:00:00,CANCELLED,WEST
30,163,2023-02-14 00:00:00,DELIVERED,SOUTH
31,291,2024-10-04 00:00:00,RETURNED,EAST
32,368,2022-08-05 00:00:00,PLACED,SOUTH
33,83,2023-12-14 00:00:00,CANCELLED,SOUTH
34,385,26-02-2026 00:00:00,DELIVERED,EAST
35,58,2025-10-16 00:00:00,RETURNED,WEST
36,338,2026-03-20 00:00:00,CANCELLED,EAST
37,192,2024-04-27 00:00:00,DELIVERED,NORTH
38,282,2024-10-02 00:00:00,SHIPPED,WEST
39,217,2023-12-20 00:00:00,PLACED,SOUTH
40,204,2024-09-11 00:00:00,PLACED,WEST
41,402,2023-05-13 00:00:00,PLACED,SOUTH
42,468,2025-12-28 00:00:00,PLACED,SOUTH
43,222,2025-01-29 00:00:00,PLACED,SOUTH
44,159,2022-06-18 00:00:00,CANCELLED,NORTH
45,147,2023-12-27 00:00:00,SHIPPED,WEST
46,307,2023-05-22 00:00:00,CANCELLED,WEST
47,266,15-09-2024 00:00:00,RETURNED,SOUTH
48,77,2025-01-03 00:00:00,CANCELLED,NORTH
49,111,2022-02-20 00:00:00,CANCELLED,WEST
50,16,2025-10-23 00:00:00,DELIVERED,EAST
51,10,2023-03-17 00:00:00,RETURNED,SOUTH
52,274,16-02-2023 00:00:00,DELIVERED,NORTH
53,290,2022-06-09 00:00:00,SHIPPED,NORTH
54,241,2022-09-22 00:00:00,RETURNED,SOUTH
55,343,2026-05-15 00:00:00,CANCELLED,NORTH
56,65,2023-08-20 00:00:00,CANCELLED,EAST
57,114,2024-12-08 00:00:00,SHIPPED,WEST
58,29,2025-10-07 00:00:00,CANCELLED,EAST
59,354,2024-03-28 00:00:00,SHIPPED,NORTH
60,459,2022-05-03 00:00:00,RETURNED,EAST
61,446,2025-07-10 00:00:00,RETURNED,WEST
62,350,2022-06-04 00:00:00,DELIVERED,WEST
63,484,2025-01-29 00:00:00,DELIVERED,WEST
64,92,2022-05-29 00:00:00,DELIVERED,NORTH
65,121,2022-11-16 00:00:00,CANCELLED,WEST
66,238,2025-10-22 00:00:00,DELIVERED,EAST
67,255,2025-06-13 00:00:00,SHIPPED,EAST
68,319,2023-05-29 00:00:00,SHIPPED,SOUTH
69,99,2026-01-11 00:00:00,DELIVERED,NORTH
70,272,2022-10-16 00:00:00,SHIPPED,EAST
71,20,28-02-2022 00:00:00,PLACED,SOUTH
72,125,2023-04-22 00:00:00,PLACED,WEST
73,352,2024-09-07 00:00:00,RETURNED,EAST
74,415,2024-10-16 00:00:00,SHIPPED,SOUTH
75,186,2023-01-10 00:00:00,DELIVERED,SOUTH
76,158,2026-06-14 00:00:00,SHIPPED,NORTH
77,382,2026-03-15 00:00:00,PLACED,NORTH
78,400,27-04-2022 00:00:00,RETURNED,EAST
79,138,2022-05-12 00:00:00,DELIVERED,NORTH
80,,2025-09-15 00:00:00,SHIPPED,WEST
81,391,2022-05-31 00:00:00,DELIVERED,WEST
82,68,2023-09-11 00:00:00,DELIVERED,SOUTH
83,41,2022-11-20 00:00:00,SHIPPED,WEST
84,164,2025-08-30 00:00:00,PLACED,SOUTH
85,442,2022-08-09 00:00:00,DELIVERED,SOUTH
86,284,2025-12-14 00:00:00,PLACED,NORTH
87,7,2025-06-17 00:00:00,DELIVERED,WEST
88,253,2022-01-16 00:00:00,RETURNED,EAST
89,98,2026-04-05 00:00:00,CANCELLED,EAST
90,401,2026-02-23 00:00:00,RETURNED,SOUTH
91,176,2024-10-15 00:00:00,CANCELLED,WEST
92,64,2026-04-10 00:00:00,RETURNED,WEST
93,128,2025-07-16 00:00:00,SHIPPED,EAST
94,410,2025-03-31 00:00:00,SHIPPED,WEST
95,291,2022-11-22 00:00:00,RETURNED,EAST
96,466,14-04-2024 00:00:00,SHIPPED,SOUTH
97,321,2024-12-26 00:00:00,RETURNED,SOUTH
98,301,2026-01-18 00:00:00,DELIVERED,WEST
99,294,2023-10-31 00:00:00,PLACED,EAST
100,347,19-11-2023 00:00:00,SHIPPED,NORTH
101,393,2025-02-01 00:00:00,CANCELLED,EAST
102,198,27-08-2022 00:00:00,DELIVERED,WEST
103,380,2024-05-19 00:00:00,CANCELLED,SOUTH
104,420,2023-08-16 00:00:00,RETURNED,EAST
105,91,2026-03-20 00:00:00,SHIPPED,SOUTH
106,313,2022-08-20 00:00:00,PLACED,NORTH
107,360,2026-02-11 00:00:00,SHIPPED,WEST
108,315,2024-06-02 00:00:00,RETURNED,NORTH
109,371,2024-09-09 00:00:00,CANCELLED,WEST
110,151,2024-06-20 00:00:00,CANCELLED,WEST
111,156,2025-02-18 00:00:00,CANCELLED,EAST
112,382,2022-09-08 00:00:00,RETURNED,SOUTH
113,47,2022-07-05 00:00:00,CANCELLED,NORTH
114,68,2025-08-26 00:00:00,DELIVERED,SOUTH
115,455,2026-01-07 00:00:00,PLACED,NORTH
116,142,2024-05-22 00:00:00,CANCELLED,SOUTH
117,,19-09-2023 00:00:00,SHIPPED,NORTH
118,38,2023-02-13 00:00:00,PLACED,WEST
119,30,2025-12-24 00:00:00,SHIPPED,WEST
120,45,2024-01-06 00:00:00,PLACED,NORTH
121,256,2025-04-20 00:00:00,PLACED,EAST
122,271,2023-02-06 00:00:00,PLACED,NORTH
123,374,2025-03-19 00:00:00,DELIVERED,SOUTH
124,265,2026-02-25 00:00:00,SHIPPED,WEST
125,305,2023-12-02 00:00:00,SHIPPED,EAST
126,290,2022-02-03 00:00:00,CANCELLED,EAST
127,,2022-06-30 00:00:00,SHIPPED,NORTH
128,30,2023-11-23 00:00:00,DELIVERED,EAST
129,318,2022-11-18 00:00:00,DELIVERED,SOUTH
130,316,25-09-2023 00:00:00,SHIPPED,SOUTH
131,248,05-03-2023 00:00:00,DELIVERED,EAST
132,432,2025-08-17 00:00:00,SHIPPED,EAST
133,212,2024-08-02 00:00:00,RETURNED,WEST
134,233,2022-02-22 00:00:00,CANCELLED,NORTH
135,19,2023-01-22 00:00:00,PLACED,NORTH
136,122,2023-01-06 00:00:00,DELIVERED,NORTH
137,234,2026-04-14 00:00:00,DELIVERED,EAST
138,2,2022-04-10 00:00:00,SHIPPED,NORTH
139,152,2026-03-23 00:00:00,DELIVERED,SOUTH
140,,2025-09-22 00:00:00,RETURNED,SOUTH
141,115,2024-08-18 00:00:00,RETURNED,NORTH
142,,2023-06-16 00:00:00,CANCELLED,WEST
143,492,2022-06-30 00:00:00,CANCELLED,NORTH
144,407,2024-11-13 00:00:00,RETURNED,EAST
145,331,2026-02-25 00:00:00,RETURNED,EAST
146,433,2022-04-13 00:00:00,CANCELLED,EAST
147,135,2023-08-21 00:00:00,SHIPPED,NORTH
148,390,2022-05-18 00:00:00,SHIPPED,EAST
149,49,2025-09-05 00:00:00,RETURNED,EAST
150,243,2022-01-17 00:00:00,SHIPPED,WEST
151,87,2023-07-02 00:00:00,DELIVERED,EAST
152,52,2025-09-05 00:00:00,CANCELLED,NORTH
153,194,2024-01-16 00:00:00,SHIPPED,NORTH
154,97,2025-09-05 00:00:00,PLACED,SOUTH
155,156,2024-06-07 00:00:00,SHIPPED,WEST
156,2,2023-08-28 00:00:00,CANCELLED,WEST
157,124,2022-11-04 00:00:00,DELIVERED,EAST
158,2,2026-01-27 00:00:00,DELIVERED,SOUTH
159,423,2022-11-02 00:00:00,PLACED,NORTH
160,149,14-09-2024 00:00:00,DELIVERED,SOUTH
161,,2023-01-12 00:00:00,RETURNED,SOUTH
162,190,01-02-2025 00:00:00,SHIPPED,EAST
163,387,2022-11-03 00:00:00,RETURNED,EAST
164,306,2026-02-24 00:00:00,PLACED,NORTH
165,143,2026-06-10 00:00:00,PLACED,SOUTH
166,182,2026-03-16 00:00:00,PLACED,SOUTH
167,120,2022-05-02 00:00:00,CANCELLED,EAST
168,135,2025-02-28 00:00:00,PLACED,NORTH
169,265,2025-10-27 00:00:00,CANCELLED,EAST
170,385,2026-04-10 00:00:00,SHIPPED,NORTH
171,176,2023-07-07 00:00:00,CANCELLED,WEST
172,360,2025-07-03 00:00:00,DELIVERED,EAST
173,169,29-04-2026 00:00:00,CANCELLED,WEST
174,213,2024-04-07 00:00:00,PLACED,SOUTH
175,256,2023-11-10 00:00:00,PLACED,EAST
176,312,2024-07-19 00:00:00,SHIPPED,NORTH
177,487,2025-12-10 00:00:00,SHIPPED,EAST
178,463,27-09-2022 00:00:00,PLACED,WEST
179,271,2023-09-21 00:00:00,SHIPPED,SOUTH
180,487,02-03-2025 00:00:00,PLACED,SOUTH
181,225,2023-11-13 00:00:00,SHIPPED,SOUTH
182,293,2023-09-24 00:00:00,RETURNED,WEST
183,355,2025-11-15 00:00:00,PLACED,EAST
184,172,19-04-2025 00:00:00,PLACED,WEST
185,152,2022-02-19 00:00:00,RETURNED,NORTH
186,295,31-03-2023 00:00:00,RETURNED,EAST
187,363,2025-06-07 00:00:00,SHIPPED,NORTH
188,107,2025-10-28 00:00:00,DELIVERED,NORTH
189,45,2026-04-19 00:00:00,RETURNED,SOUTH
190,182,2024-08-25 00:00:00,PLACED,SOUTH
191,341,16-03-2022 00:00:00,DELIVERED,SOUTH
192,161,2023-08-01 00:00:00,PLACED,EAST
193,15,2026-02-21 00:00:00,SHIPPED,NORTH
194,207,14-09-2024 00:00:00,SHIPPED,WEST
195,245,2024-10-13 00:00:00,SHIPPED,NORTH
196,117,2022-11-21 00:00:00,SHIPPED,WEST
197,230,2022-03-28 00:00:00,CANCELLED,WEST
198,361,2022-05-06 00:00:00,RETURNED,NORTH
199,392,2023-01-14 00:00:00,PLACED,EAST
200,497,2025-05-11 00:00:00,RETURNED,WEST
201,271,2024-07-18 00:00:00,CANCELLED,EAST
202,127,2026-06-06 00:00:00,SHIPPED,NORTH
203,29,2025-12-24 00:00:00,PLACED,SOUTH
204,490,2023-11-07 00:00:00,DELIVERED,WEST
205,318,14-06-2024 00:00:00,SHIPPED,NORTH
206,50,2024-07-10 00:00:00,DELIVERED,WEST
207,434,2022-05-11 00:00:00,CANCELLED,WEST
208,495,2023-01-10 00:00:00,DELIVERED,EAST
209,470,2022-09-11 00:00:00,RETURNED,WEST
210,484,03-08-2024 00:00:00,CANCELLED,SOUTH
211,480,2025-10-04 00:00:00,DELIVERED,NORTH
212,332,2025-02-14 00:00:00,DELIVERED,WEST
213,326,2026-05-19 00:00:00,SHIPPED,SOUTH
214,49,2024-04-22 00:00:00,PLACED,NORTH
215,466,2022-04-10 00:00:00,RETURNED,SOUTH
216,239,2024-01-29 00:00:00,CANCELLED,SOUTH
217,50,2025-11-26 00:00:00,SHIPPED,SOUTH
218,274,2024-05-17 00:00:00,PLACED,SOUTH
219,351,2023-03-23 00:00:00,DELIVERED,EAST
220,198,2022-02-19 00:00:00,PLACED,SOUTH
221,,2024-02-11 00:00:00,CANCELLED,WEST
222,7,2023-05-27 00:00:00,CANCELLED,WEST
223,393,2022-11-20 00:00:00,DELIVERED,EAST
224,357,17-12-2024 00:00:00,CANCELLED,WEST
225,165,03-01-2025 00:00:00,SHIPPED,NORTH
226,119,2023-04-02 00:00:00,RETURNED,SOUTH
227,301,2023-02-22 00:00:00,PLACED,NORTH
228,254,2023-11-30 00:00:00,RETURNED,WEST
229,438,2022-09-17 00:00:00,SHIPPED,EAST
230,324,2022-04-18 00:00:00,PLACED,NORTH
231,207,2022-12-13 00:00:00,RETURNED,EAST
232,93,2024-06-25 00:00:00,CANCELLED,NORTH
233,487,2023-05-12 00:00:00,PLACED,EAST
234,253,2026-01-29 00:00:00,SHIPPED,SOUTH
235,72,05-07-2022 00:00:00,DELIVERED,SOUTH
236,253,2023-07-17 00:00:00,PLACED,SOUTH
237,393,2026-06-03 00:00:00,CANCELLED,EAST
238,135,2026-07-03 00:00:00,DELIVERED,NORTH
239,500,2025-08-02 00:00:00,CANCELLED,EAST
240,465,2023-08-19 00:00:00,CANCELLED,WEST
241,419,2024-10-20 00:00:00,CANCELLED,SOUTH
242,359,2023-03-11 00:00:00,DELIVERED,WEST
243,70,2022-02-26 00:00:00,SHIPPED,EAST
244,27,2026-02-20 00:00:00,RETURNED,EAST
245,311,2025-07-19 00:00:00,SHIPPED,NORTH
246,285,2023-11-19 00:00:00,SHIPPED,SOUTH
247,310,07-04-2026 00:00:00,DELIVERED,SOUTH
248,151,2024-04-30 00:00:00,PLACED,EAST
249,40,18-01-2025 00:00:00,RETURNED,WEST
250,445,2024-02-16 00:00:00,DELIVERED,SOUTH
251,274,2023-01-15 00:00:00,PLACED,WEST
252,436,30-07-2022 00:00:00,PLACED,WEST
253,33,2022-11-29 00:00:00,RETURNED,NORTH
254,417,2023-01-10 00:00:00,CANCELLED,SOUTH
255,89,2024-01-14 00:00:00,CANCELLED,NORTH
256,466,2026-04-30 00:00:00,PLACED,WEST
257,84,2022-08-20 00:00:00,CANCELLED,SOUTH
258,242,2025-09-10 00:00:00,RETURNED,NORTH
259,375,2025-08-09 00:00:00,PLACED,SOUTH
260,41,2024-06-06 00:00:00,SHIPPED,SOUTH
261,500,2022-04-23 00:00:00,CANCELLED,WEST
262,216,2026-05-24 00:00:00,PLACED,SOUTH
263,110,2023-06-15 00:00:00,CANCELLED,SOUTH
264,57,2023-03-27 00:00:00,PLACED,EAST
265,200,2024-02-26 00:00:00,SHIPPED,SOUTH
266,226,2024-09-29 00:00:00,CANCELLED,EAST
267,312,2024-10-02 00:00:00,DELIVERED,NORTH
268,124,2025-03-19 00:00:00,PLACED,NORTH
269,438,2026-03-14 00:00:00,CANCELLED,WEST
270,485,2024-03-19 00:00:00,SHIPPED,WEST
271,,24-11-2025 00:00:00,SHIPPED,WEST
272,418,2026-02-12 00:00:00,DELIVERED,WEST
273,163,2024-11-20 00:00:00,SHIPPED,SOUTH
274,119,16-03-2024 00:00:00,CANCELLED,SOUTH
275,73,26-04-2022 00:00:00,CANCELLED,EAST
276,7,2025-09-23 00:00:00,RETURNED,SOUTH
277,216,2025-10-26 00:00:00,CANCELLED,EAST
278,388,2023-01-26 00:00:00,SHIPPED,NORTH
279,330,2023-02-27 00:00:00,SHIPPED,SOUTH
280,259,2024-06-09 00:00:00,RETURNED,NORTH
281,409,2023-05-01 00:00:00,CANCELLED,WEST
282,493,2025-06-20 00:00:00,CANCELLED,EAST
283,247,2025-02-17 00:00:00,PLACED,SOUTH
284,289,2022-09-22 00:00:00,DELIVERED,EAST
285,191,2025-04-15 00:00:00,CANCELLED,WEST
286,158,27-09-2025 00:00:00,SHIPPED,EAST
287,340,10-12-2024 00:00:00,PLACED,NORTH
288,391,2023-12-12 00:00:00,DELIVERED,WEST
289,106,24-09-2022 00:00:00,PLACED,SOUTH
290,78,2025-11-07 00:00:00,DELIVERED,SOUTH
291,402,2023-07-22 00:00:00,PLACED,NORTH
292,368,2022-10-22 00:00:00,RETURNED,EAST
293,351,2024-07-20 00:00:00,DELIVERED,SOUTH
294,443,2026-05-28 00:00:00,RETURNED,WEST
295,396,2025-09-14 00:00:00,CANCELLED,EAST
296,246,2022-03-24 00:00:00,CANCELLED,SOUTH
297,329,2026-04-03 00:00:00,PLACED,WEST
298,217,2026-02-18 00:00:00,SHIPPED,WEST
299,1,2026-02-18 00:00:00,SHIPPED,EAST
300,479,2022-03-30 00:00:00,RETURNED,NORTH
301,309,2024-03-06 00:00:00,CANCELLED,EAST
302,87,2022-09-25 00:00:00,DELIVERED,NORTH
303,261,2023-08-28 00:00:00,PLACED,EAST
304,198,2022-12-14 00:00:00,DELIVERED,SOUTH
305,21,23-09-2022 00:00:00,DELIVERED,SOUTH
306,33,2022-11-29 00:00:00,SHIPPED,EAST
307,144,30-07-2023 00:00:00,CANCELLED,EAST
308,295,2024-03-04 00:00:00,DELIVERED,WEST
309,85,2024-10-14 00:00:00,CANCELLED,EAST
310,161,2026-03-04 00:00:00,RETURNED,WEST
311,233,2024-11-24 00:00:00,CANCELLED,NORTH
312,201,2022-06-19 00:00:00,DELIVERED,SOUTH
313,395,2025-04-25 00:00:00,RETURNED,SOUTH
314,,2023-07-11 00:00:00,DELIVERED,NORTH
315,,05-01-2023 00:00:00,PLACED,NORTH
316,365,2025-11-16 00:00:00,CANCELLED,NORTH
317,91,2023-08-20 00:00:00,DELIVERED,WEST
318,67,2022-02-03 00:00:00,DELIVERED,SOUTH
319,,2026-06-21 00:00:00,DELIVERED,SOUTH
320,391,2026-03-25 00:00:00,PLACED,WEST
321,,2025-02-12 00:00:00,RETURNED,NORTH
322,322,2025-06-08 00:00:00,SHIPPED,NORTH
323,449,2023-07-24 00:00:00,RETURNED,SOUTH
324,120,2024-11-08 00:00:00,CANCELLED,WEST
325,419,2024-02-29 00:00:00,CANCELLED,WEST
326,386,2025-09-01 00:00:00,CANCELLED,WEST
327,87,2024-10-21 00:00:00,DELIVERED,SOUTH
328,98,2023-10-05 00:00:00,CANCELLED,EAST
329,204,2025-08-24 00:00:00,RETURNED,NORTH
330,290,2022-03-03 00:00:00,RETURNED,EAST
331,310,2023-12-25 00:00:00,DELIVERED,NORTH
332,282,2026-01-11 00:00:00,SHIPPED,EAST
333,113,23-08-2022 00:00:00,CANCELLED,EAST
334,284,09-06-2026 00:00:00,RETURNED,EAST
335,166,2022-12-11 00:00:00,CANCELLED,WEST
336,334,2023-04-05 00:00:00,PLACED,SOUTH
337,480,2022-08-07 00:00:00,RETURNED,WEST
338,496,2022-11-08 00:00:00,DELIVERED,NORTH
339,293,20-07-2024 00:00:00,RETURNED,SOUTH
340,105,2024-08-06 00:00:00,DELIVERED,SOUTH
341,350,2024-10-05 00:00:00,RETURNED,NORTH
342,498,2024-06-17 00:00:00,SHIPPED,NORTH
343,304,2024-05-20 00:00:00,PLACED,EAST
344,35,2023-08-16 00:00:00,SHIPPED,NORTH
345,14,2022-03-05 00:00:00,CANCELLED,WEST
346,330,2022-07-26 00:00:00,CANCELLED,EAST
347,,2023-02-03 00:00:00,DELIVERED,SOUTH
348,390,2025-01-11 00:00:00,CANCELLED,WEST
349,174,2024-03-10 00:00:00,CANCELLED,NORTH
350,380,2025-04-22 00:00:00,DELIVERED,WEST
351,500,2025-01-03 00:00:00,DELIVERED,EAST
352,327,29-05-2023 00:00:00,PLACED,SOUTH
353,367,2025-01-05 00:00:00,DELIVERED,NORTH
354,281,2025-10-07 00:00:00,DELIVERED,NORTH
355,245,2022-06-20 00:00:00,SHIPPED,WEST
356,120,2023-08-28 00:00:00,RETURNED,EAST
357,389,2022-06-11 00:00:00,DELIVERED,EAST
358,70,2025-05-28 00:00:00,CANCELLED,EAST
359,234,2023-09-11 00:00:00,PLACED,WEST
360,449,2022-03-09 00:00:00,CANCELLED,EAST
361,,2022-08-02 00:00:00,RETURNED,SOUTH
362,50,2024-08-07 00:00:00,CANCELLED,SOUTH
363,157,2024-01-21 00:00:00,DELIVERED,WEST
364,348,2024-01-30 00:00:00,PLACED,SOUTH
365,126,2022-10-27 00:00:00,CANCELLED,NORTH
366,298,2022-02-28 00:00:00,DELIVERED,SOUTH
367,190,16-08-2022 00:00:00,PLACED,WEST
368,363,2024-03-12 00:00:00,SHIPPED,NORTH
369,144,2024-02-24 00:00:00,SHIPPED,NORTH
370,102,2022-10-09 00:00:00,DELIVERED,NORTH
371,56,2022-09-29 00:00:00,PLACED,EAST
372,443,2026-03-01 00:00:00,PLACED,SOUTH
373,234,2025-06-14 00:00:00,CANCELLED,SOUTH
374,66,2024-05-22 00:00:00,DELIVERED,NORTH
375,330,2026-02-28 00:00:00,SHIPPED,WEST
376,77,16-11-2025 00:00:00,PLACED,NORTH
377,174,2024-11-25 00:00:00,SHIPPED,WEST
378,392,2023-01-03 00:00:00,RETURNED,EAST
379,301,2022-02-07 00:00:00,SHIPPED,SOUTH
380,319,2025-08-31 00:00:00,RETURNED,NORTH
381,453,2022-02-17 00:00:00,DELIVERED,WEST
382,204,2024-04-18 00:00:00,RETURNED,SOUTH
383,9,07-07-2026 00:00:00,SHIPPED,EAST
384,147,2022-10-22 00:00:00,RETURNED,SOUTH
385,227,2025-07-13 00:00:00,CANCELLED,SOUTH
386,347,2026-03-12 00:00:00,CANCELLED,WEST
387,63,2022-04-15 00:00:00,PLACED,WEST
388,138,2024-07-18 00:00:00,PLACED,EAST
389,25,2025-02-03 00:00:00,DELIVERED,EAST
390,251,2022-10-12 00:00:00,DELIVERED,WEST
391,312,2022-10-06 00:00:00,SHIPPED,NORTH
392,458,2023-11-30 00:00:00,PLACED,EAST
393,88,2022-05-21 00:00:00,SHIPPED,NORTH
394,165,2025-08-04 00:00:00,RETURNED,SOUTH
395,450,2022-08-14 00:00:00,RETURNED,EAST
396,284,2026-05-24 00:00:00,CANCELLED,NORTH
397,326,2024-12-18 00:00:00,DELIVERED,EAST
398,306,2026-04-06 00:00:00,SHIPPED,NORTH
399,125,2023-11-22 00:00:00,RETURNED,EAST
400,409,2022-09-09 00:00:00,DELIVERED,SOUTH
401,428,2024-05-25 00:00:00,PLACED,WEST
402,67,12-02-2025 00:00:00,RETURNED,WEST
403,375,2023-04-23 00:00:00,PLACED,SOUTH
404,423,2026-02-06 00:00:00,PLACED,EAST
405,127,2026-05-26 00:00:00,SHIPPED,NORTH
406,165,2024-02-18 00:00:00,CANCELLED,SOUTH
407,243,2023-08-11 00:00:00,PLACED,EAST
408,277,23-11-2025 00:00:00,RETURNED,NORTH
409,358,2023-07-07 00:00:00,SHIPPED,WEST
410,250,2025-04-01 00:00:00,CANCELLED,NORTH
411,13,2025-11-20 00:00:00,SHIPPED,WEST
412,,23-01-2026 00:00:00,SHIPPED,EAST
413,27,2024-02-28 00:00:00,RETURNED,SOUTH
414,299,2023-01-28 00:00:00,SHIPPED,SOUTH
415,484,2022-10-28 00:00:00,SHIPPED,EAST
416,473,2022-08-03 00:00:00,CANCELLED,SOUTH
417,355,2023-01-10 00:00:00,RETURNED,SOUTH
418,363,2023-04-19 00:00:00,SHIPPED,EAST
419,235,2024-09-09 00:00:00,SHIPPED,NORTH
420,116,22-10-2023 00:00:00,CANCELLED,SOUTH
421,149,2023-10-08 00:00:00,RETURNED,NORTH
422,211,2026-02-22 00:00:00,DELIVERED,NORTH
423,411,2026-04-25 00:00:00,DELIVERED,NORTH
424,450,2022-10-28 00:00:00,CANCELLED,SOUTH
425,212,2022-12-04 00:00:00,PLACED,SOUTH
426,183,2023-01-10 00:00:00,DELIVERED,NORTH
427,,2024-08-26 00:00:00,RETURNED,EAST
428,361,2023-07-13 00:00:00,CANCELLED,EAST
429,95,2024-09-27 00:00:00,DELIVERED,SOUTH
430,461,2022-11-10 00:00:00,DELIVERED,NORTH
431,495,2025-07-29 00:00:00,CANCELLED,WEST
432,258,2026-05-31 00:00:00,RETURNED,NORTH
433,458,2022-07-12 00:00:00,PLACED,EAST
434,,2023-12-02 00:00:00,RETURNED,WEST
435,337,2022-03-22 00:00:00,PLACED,NORTH
436,233,2024-05-16 00:00:00,SHIPPED,WEST
437,357,04-06-2026 00:00:00,DELIVERED,EAST
438,234,2026-01-25 00:00:00,SHIPPED,SOUTH
439,149,2024-05-31 00:00:00,CANCELLED,NORTH
440,247,2023-03-20 00:00:00,SHIPPED,WEST
441,310,2025-09-06 00:00:00,DELIVERED,SOUTH
442,102,2025-01-14 00:00:00,DELIVERED,SOUTH
443,344,24-03-2022 00:00:00,PLACED,EAST
444,126,2025-02-23 00:00:00,SHIPPED,NORTH
445,143,2022-04-26 00:00:00,RETURNED,SOUTH
446,174,2022-12-08 00:00:00,SHIPPED,NORTH
447,230,2022-04-29 00:00:00,PLACED,EAST
448,293,2024-11-06 00:00:00,CANCELLED,EAST
449,437,2024-08-07 00:00:00,SHIPPED,NORTH
450,173,2022-08-22 00:00:00,CANCELLED,SOUTH
451,,2022-10-19 00:00:00,SHIPPED,EAST
452,345,03-07-2025 00:00:00,SHIPPED,EAST
453,76,2025-11-29 00:00:00,DELIVERED,WEST
454,91,2023-02-09 00:00:00,CANCELLED,SOUTH
455,305,12-04-2025 00:00:00,DELIVERED,WEST
456,,2024-06-22 00:00:00,SHIPPED,NORTH
457,44,2022-12-17 00:00:00,RETURNED,NORTH
458,15,21-05-2023 00:00:00,RETURNED,NORTH
459,75,22-06-2023 00:00:00,DELIVERED,SOUTH
460,186,2022-09-19 00:00:00,DELIVERED,EAST
461,266,2024-08-31 00:00:00,CANCELLED,WEST
462,248,2022-08-29 00:00:00,SHIPPED,WEST
463,142,2022-10-04 00:00:00,DELIVERED,SOUTH
464,202,2024-08-19 00:00:00,SHIPPED,SOUTH
465,101,2023-11-07 00:00:00,PLACED,SOUTH
466,174,2024-08-29 00:00:00,RETURNED,WEST
467,183,2025-07-23 00:00:00,SHIPPED,EAST
468,55,2022-12-01 00:00:00,DELIVERED,SOUTH
469,253,2022-02-04 00:00:00,DELIVERED,NORTH
470,122,2024-07-24 00:00:00,SHIPPED,NORTH
471,332,2024-03-06 00:00:00,SHIPPED,EAST
472,88,2025-09-14 00:00:00,CANCELLED,SOUTH
473,493,2024-10-12 00:00:00,PLACED,NORTH
474,446,2022-11-07 00:00:00,PLACED,WEST
475,,25-12-2025 00:00:00,DELIVERED,EAST
476,437,2025-12-25 00:00:00,SHIPPED,WEST
477,287,18-03-2022 00:00:00,CANCELLED,WEST
478,,2025-08-14 00:00:00,SHIPPED,NORTH
479,44,2022-05-14 00:00:00,RETURNED,EAST
480,483,2024-01-05 00:00:00,RETURNED,WEST
481,190,2023-02-19 00:00:00,DELIVERED,EAST
482,249,2025-05-08 00:00:00,CANCELLED,SOUTH
483,206,2026-04-21 00:00:00,SHIPPED,SOUTH
484,406,2024-06-10 00:00:00,DELIVERED,EAST
485,440,2026-04-12 00:00:00,RETURNED,NORTH
486,374,2024-05-19 00:00:00,CANCELLED,WEST
487,404,2022-07-06 00:00:00,RETURNED,SOUTH
488,122,2023-10-21 00:00:00,CANCELLED,WEST
489,296,2023-12-01 00:00:00,RETURNED,NORTH
490,322,21-08-2022 00:00:00,RETURNED,NORTH
491,76,2026-05-17 00:00:00,DELIVERED,NORTH
492,270,2026-06-17 00:00:00,CANCELLED,WEST
493,96,2024-10-09 00:00:00,SHIPPED,WEST
494,94,10-03-2025 00:00:00,RETURNED,EAST
495,265,2025-10-01 00:00:00,SHIPPED,WEST
496,224,2022-09-29 00:00:00,CANCELLED,NORTH
497,155,2022-05-11 00:00:00,PLACED,WEST
498,45,2024-04-01 00:00:00,SHIPPED,EAST
499,333,2025-09-04 00:00:00,RETURNED,WEST
500,146,2026-02-10 00:00:00,RETURNED,WEST
501,293,2026-05-25 00:00:00,PLACED,EAST
502,469,2022-09-21 00:00:00,RETURNED,WEST
503,247,2025-07-10 00:00:00,CANCELLED,SOUTH
504,358,2022-04-24 00:00:00,RETURNED,EAST
505,,2023-01-27 00:00:00,SHIPPED,SOUTH
506,197,2026-01-31 00:00:00,SHIPPED,SOUTH
507,264,2024-02-24 00:00:00,CANCELLED,SOUTH
508,487,12-12-2023 00:00:00,PLACED,NORTH
509,490,2022-10-21 00:00:00,DELIVERED,EAST
510,330,2022-07-13 00:00:00,CANCELLED,WEST
511,341,2023-06-25 00:00:00,DELIVERED,WEST
512,337,2025-02-02 00:00:00,PLACED,EAST
513,304,27-11-2025 00:00:00,DELIVERED,WEST
514,25,2023-07-01 00:00:00,DELIVERED,EAST
515,298,2024-11-24 00:00:00,CANCELLED,WEST
516,452,2025-01-15 00:00:00,RETURNED,EAST
517,38,2025-04-20 00:00:00,PLACED,SOUTH
518,245,2025-08-03 00:00:00,RETURNED,SOUTH
519,423,2022-07-19 00:00:00,DELIVERED,SOUTH
520,306,2022-10-19 00:00:00,DELIVERED,SOUTH
521,307,2023-06-20 00:00:00,RETURNED,NORTH
522,220,2022-05-21 00:00:00,PLACED,SOUTH
523,239,2026-02-25 00:00:00,PLACED,SOUTH
524,173,2022-01-10 00:00:00,SHIPPED,EAST
525,214,2023-08-08 00:00:00,DELIVERED,WEST
526,406,2022-04-20 00:00:00,RETURNED,NORTH
527,498,2022-03-22 00:00:00,DELIVERED,EAST
528,46,2022-03-19 00:00:00,DELIVERED,EAST
529,199,2022-04-26 00:00:00,PLACED,EAST
530,378,2026-05-15 00:00:00,PLACED,SOUTH
531,56,2025-04-25 00:00:00,RETURNED,NORTH
532,14,2022-01-22 00:00:00,RETURNED,WEST
533,158,26-03-2025 00:00:00,PLACED,EAST
534,124,2022-06-29 00:00:00,CANCELLED,EAST
535,154,2025-07-23 00:00:00,DELIVERED,NORTH
536,178,2023-01-23 00:00:00,RETURNED,SOUTH
537,475,2024-03-08 00:00:00,PLACED,WEST
538,40,20-05-2025 00:00:00,SHIPPED,NORTH
539,280,2022-02-07 00:00:00,CANCELLED,NORTH
540,450,2024-07-10 00:00:00,PLACED,SOUTH
541,331,2022-06-30 00:00:00,PLACED,SOUTH
542,76,2025-10-01 00:00:00,PLACED,SOUTH
543,57,2022-01-05 00:00:00,DELIVERED,NORTH
544,131,2025-06-11 00:00:00,SHIPPED,EAST
545,113,2022-12-03 00:00:00,CANCELLED,NORTH
546,442,2026-05-25 00:00:00,CANCELLED,EAST
547,322,2022-09-04 00:00:00,PLACED,WEST
548,332,2022-09-08 00:00:00,RETURNED,WEST
549,353,2025-08-07 00:00:00,CANCELLED,WEST
550,331,2026-02-09 00:00:00,PLACED,SOUTH
551,435,2023-11-09 00:00:00,RETURNED,WEST
552,264,2022-12-25 00:00:00,RETURNED,NORTH
553,149,08-10-2023 00:00:00,PLACED,WEST
554,374,2025-01-23 00:00:00,PLACED,WEST
555,,2024-11-19 00:00:00,DELIVERED,SOUTH
556,422,2026-06-21 00:00:00,DELIVERED,NORTH
557,380,2022-08-03 00:00:00,PLACED,SOUTH
558,331,2025-12-23 00:00:00,DELIVERED,SOUTH
559,40,2025-07-28 00:00:00,PLACED,EAST
560,40,2024-06-07 00:00:00,RETURNED,NORTH
561,162,01-07-2023 00:00:00,SHIPPED,EAST
562,102,2022-03-28 00:00:00,SHIPPED,NORTH
563,490,2024-06-14 00:00:00,CANCELLED,WEST
564,84,2025-01-17 00:00:00,SHIPPED,EAST
565,121,2026-03-28 00:00:00,PLACED,WEST
566,480,11-04-2025 00:00:00,DELIVERED,SOUTH
567,413,2026-01-14 00:00:00,PLACED,SOUTH
568,352,2024-12-19 00:00:00,RETURNED,NORTH
569,404,2023-09-07 00:00:00,RETURNED,NORTH
570,352,2023-12-16 00:00:00,PLACED,NORTH
571,40,2025-04-18 00:00:00,CANCELLED,NORTH
572,306,2025-06-10 00:00:00,RETURNED,NORTH
573,140,2025-11-02 00:00:00,PLACED,WEST
574,367,11-04-2026 00:00:00,CANCELLED,SOUTH
575,70,2026-02-03 00:00:00,SHIPPED,NORTH
576,154,2025-10-16 00:00:00,DELIVERED,NORTH
577,122,2026-03-05 00:00:00,SHIPPED,WEST
578,46,2024-09-04 00:00:00,SHIPPED,WEST
579,181,2022-07-21 00:00:00,PLACED,EAST
580,99,2023-11-12 00:00:00,CANCELLED,EAST
581,6,2026-04-30 00:00:00,SHIPPED,NORTH
582,287,2023-07-08 00:00:00,RETURNED,WEST
583,444,2024-09-26 00:00:00,SHIPPED,WEST
584,106,2024-08-08 00:00:00,PLACED,SOUTH
585,356,2023-01-27 00:00:00,SHIPPED,WEST
586,345,2025-03-30 00:00:00,CANCELLED,SOUTH
587,161,2025-02-09 00:00:00,DELIVERED,WEST
588,456,2023-03-29 00:00:00,PLACED,EAST
589,211,2024-03-01 00:00:00,RETURNED,NORTH
590,303,20-01-2023 00:00:00,RETURNED,EAST
591,42,2023-10-16 00:00:00,RETURNED,EAST
592,18,2023-02-20 00:00:00,PLACED,NORTH
593,303,2023-12-31 00:00:00,SHIPPED,SOUTH
594,,2026-02-24 00:00:00,PLACED,EAST
595,264,2025-06-17 00:00:00,CANCELLED,EAST
596,486,2023-06-30 00:00:00,CANCELLED,EAST
597,64,2026-05-15 00:00:00,CANCELLED,NORTH
598,229,01-03-2022 00:00:00,CANCELLED,WEST
599,386,2023-06-22 00:00:00,DELIVERED,WEST
600,199,2024-10-23 00:00:00,SHIPPED,NORTH
601,83,2024-03-03 00:00:00,RETURNED,WEST
602,55,02-06-2023 00:00:00,CANCELLED,WEST
603,4,2022-08-29 00:00:00,CANCELLED,EAST
604,499,2024-09-21 00:00:00,CANCELLED,EAST
605,479,2022-02-15 00:00:00,PLACED,NORTH
606,413,2025-02-28 00:00:00,SHIPPED,SOUTH
607,294,2024-09-07 00:00:00,CANCELLED,SOUTH
608,35,2026-06-07 00:00:00,SHIPPED,SOUTH
609,291,2025-03-13 00:00:00,PLACED,SOUTH
610,458,2025-05-24 00:00:00,DELIVERED,WEST
611,395,2024-11-25 00:00:00,DELIVERED,WEST
612,97,2022-09-19 00:00:00,PLACED,SOUTH
613,155,2024-03-14 00:00:00,CANCELLED,NORTH
614,291,2024-06-21 00:00:00,DELIVERED,SOUTH
615,416,2023-02-21 00:00:00,RETURNED,NORTH
616,499,2023-03-05 00:00:00,RETURNED,EAST
617,406,2024-09-26 00:00:00,CANCELLED,NORTH
618,477,2025-01-30 00:00:00,SHIPPED,EAST
619,,2022-05-23 00:00:00,PLACED,WEST
620,128,2026-06-02 00:00:00,PLACED,NORTH
621,251,24-11-2025 00:00:00,RETURNED,EAST
622,87,2023-11-29 00:00:00,PLACED,WEST
623,155,2025-12-19 00:00:00,DELIVERED,WEST
624,41,12-10-2022 00:00:00,DELIVERED,EAST
625,186,2026-01-14 00:00:00,DELIVERED,NORTH
626,45,2024-11-23 00:00:00,SHIPPED,EAST
627,355,2023-08-28 00:00:00,DELIVERED,EAST
628,211,2023-09-05 00:00:00,SHIPPED,WEST
629,121,29-10-2023 00:00:00,PLACED,SOUTH
630,130,2023-01-30 00:00:00,RETURNED,WEST
631,191,2023-07-14 00:00:00,SHIPPED,SOUTH
632,264,2024-07-21 00:00:00,SHIPPED,SOUTH
633,239,2025-07-29 00:00:00,SHIPPED,WEST
634,486,2023-07-14 00:00:00,DELIVERED,NORTH
635,236,2024-06-09 00:00:00,PLACED,EAST
636,148,2022-04-11 00:00:00,PLACED,EAST
637,239,2024-07-11 00:00:00,RETURNED,WEST
638,122,2023-12-08 00:00:00,CANCELLED,EAST
639,390,2023-08-16 00:00:00,CANCELLED,SOUTH
640,29,2025-07-29 00:00:00,CANCELLED,SOUTH
641,472,2023-11-25 00:00:00,PLACED,NORTH
642,119,2024-05-05 00:00:00,CANCELLED,WEST
643,160,2024-05-18 00:00:00,DELIVERED,NORTH
644,266,2026-01-13 00:00:00,RETURNED,EAST
645,338,2022-11-16 00:00:00,DELIVERED,NORTH
646,60,2022-11-04 00:00:00,PLACED,WEST
647,282,2024-01-03 00:00:00,RETURNED,WEST
648,266,2023-09-12 00:00:00,DELIVERED,WEST
649,10,08-05-2025 00:00:00,SHIPPED,NORTH
650,244,2023-07-28 00:00:00,RETURNED,WEST
651,338,2026-03-17 00:00:00,CANCELLED,WEST
652,181,2025-08-25 00:00:00,CANCELLED,SOUTH
653,25,2022-01-13 00:00:00,CANCELLED,SOUTH
654,453,2022-07-22 00:00:00,PLACED,NORTH
655,282,2024-12-20 00:00:00,DELIVERED,SOUTH
656,448,2026-03-10 00:00:00,CANCELLED,WEST
657,163,2022-03-29 00:00:00,SHIPPED,SOUTH
658,486,16-05-2025 00:00:00,RETURNED,NORTH
659,,2023-01-19 00:00:00,CANCELLED,SOUTH
660,317,2022-03-28 00:00:00,DELIVERED,EAST
661,219,2025-12-06 00:00:00,SHIPPED,EAST
662,55,2026-02-02 00:00:00,DELIVERED,WEST
663,361,2024-09-21 00:00:00,DELIVERED,EAST
664,7,2022-10-21 00:00:00,PLACED,WEST
665,475,2026-05-22 00:00:00,RETURNED,WEST
666,16,2026-07-02 00:00:00,SHIPPED,WEST
667,301,22-05-2022 00:00:00,DELIVERED,SOUTH
668,205,2023-12-12 00:00:00,SHIPPED,SOUTH
669,311,05-04-2026 00:00:00,SHIPPED,NORTH
670,17,2025-04-21 00:00:00,DELIVERED,NORTH
671,22,2026-01-31 00:00:00,PLACED,NORTH
672,119,10-05-2025 00:00:00,PLACED,NORTH
673,219,07-05-2025 00:00:00,SHIPPED,NORTH
674,223,31-05-2026 00:00:00,PLACED,NORTH
675,374,2022-01-26 00:00:00,SHIPPED,EAST
676,457,19-09-2024 00:00:00,RETURNED,WEST
677,7,09-08-2025 00:00:00,CANCELLED,WEST
678,89,2024-02-13 00:00:00,CANCELLED,WEST
679,201,2025-12-28 00:00:00,CANCELLED,WEST
680,212,2026-05-21 00:00:00,PLACED,NORTH
681,231,2022-04-26 00:00:00,SHIPPED,EAST
682,21,2023-02-12 00:00:00,PLACED,NORTH
683,97,2024-06-09 00:00:00,PLACED,SOUTH
684,495,2022-05-14 00:00:00,DELIVERED,NORTH
685,454,2023-02-18 00:00:00,CANCELLED,WEST
686,292,2024-02-27 00:00:00,RETURNED,WEST
687,301,2025-04-09 00:00:00,SHIPPED,NORTH
688,202,2022-09-08 00:00:00,RETURNED,EAST
689,,2026-02-18 00:00:00,CANCELLED,WEST
690,492,2026-06-27 00:00:00,DELIVERED,NORTH
691,7,2025-11-26 00:00:00,RETURNED,SOUTH
692,357,2023-05-15 00:00:00,PLACED,NORTH
693,261,2022-06-01 00:00:00,SHIPPED,EAST
694,186,2025-11-28 00:00:00,CANCELLED,SOUTH
695,409,2022-10-15 00:00:00,CANCELLED,NORTH
696,237,2022-01-10 00:00:00,PLACED,EAST
697,422,30-05-2023 00:00:00,CANCELLED,EAST
698,471,2023-06-14 00:00:00,CANCELLED,EAST
699,380,2025-08-13 00:00:00,PLACED,WEST
700,405,2022-08-03 00:00:00,RETURNED,WEST
701,414,21-07-2023 00:00:00,CANCELLED,NORTH
702,317,2026-05-11 00:00:00,RETURNED,WEST
703,415,2025-08-13 00:00:00,RETURNED,WEST
704,50,2023-03-28 00:00:00,SHIPPED,NORTH
705,326,2025-11-04 00:00:00,RETURNED,NORTH
706,,2022-01-25 00:00:00,CANCELLED,SOUTH
707,160,2023-01-25 00:00:00,PLACED,WEST
708,321,2025-08-05 00:00:00,PLACED,SOUTH
709,433,2024-12-25 00:00:00,RETURNED,WEST
710,7,2025-11-08 00:00:00,DELIVERED,EAST
711,102,2023-10-22 00:00:00,PLACED,SOUTH
712,211,2022-10-07 00:00:00,DELIVERED,SOUTH
713,314,2022-03-06 00:00:00,DELIVERED,EAST
714,471,2025-10-31 00:00:00,CANCELLED,SOUTH
715,95,2026-03-19 00:00:00,DELIVERED,WEST
716,234,2026-03-20 00:00:00,PLACED,NORTH
717,5,08-09-2025 00:00:00,RETURNED,NORTH
718,492,2024-05-01 00:00:00,DELIVERED,NORTH
719,104,2022-07-07 00:00:00,SHIPPED,NORTH
720,387,2023-06-16 00:00:00,DELIVERED,WEST
721,158,2024-12-21 00:00:00,RETURNED,SOUTH
722,495,2026-06-03 00:00:00,CANCELLED,WEST
723,442,2023-12-02 00:00:00,PLACED,EAST
724,95,2023-05-06 00:00:00,CANCELLED,NORTH
725,132,2025-07-07 00:00:00,SHIPPED,SOUTH
726,285,2025-08-18 00:00:00,CANCELLED,WEST
727,321,2023-06-20 00:00:00,DELIVERED,SOUTH
728,472,2023-11-28 00:00:00,DELIVERED,WEST
729,11,2022-08-31 00:00:00,PLACED,EAST
730,449,2025-03-19 00:00:00,RETURNED,WEST
731,455,17-10-2023 00:00:00,PLACED,EAST
732,178,2022-07-29 00:00:00,RETURNED,EAST
733,208,2024-06-07 00:00:00,CANCELLED,NORTH
734,369,2022-07-09 00:00:00,CANCELLED,WEST
735,475,2024-03-28 00:00:00,CANCELLED,NORTH
736,,2026-06-26 00:00:00,PLACED,NORTH
737,423,2023-08-09 00:00:00,CANCELLED,EAST
738,310,2025-06-21 00:00:00,RETURNED,EAST
739,,2025-06-10 00:00:00,CANCELLED,NORTH
740,59,2022-11-01 00:00:00,PLACED,WEST
741,108,2024-06-09 00:00:00,SHIPPED,EAST
742,49,2024-10-07 00:00:00,CANCELLED,EAST
743,,2022-11-11 00:00:00,PLACED,SOUTH
744,423,2024-01-29 00:00:00,RETURNED,WEST
745,15,2022-02-25 00:00:00,RETURNED,NORTH
746,57,2023-01-27 00:00:00,SHIPPED,NORTH
747,432,2022-11-07 00:00:00,PLACED,SOUTH
748,23,2022-07-05 00:00:00,SHIPPED,EAST
749,281,01-04-2022 00:00:00,SHIPPED,SOUTH
750,71,2022-06-23 00:00:00,SHIPPED,SOUTH
751,119,2024-02-17 00:00:00,SHIPPED,SOUTH
752,236,21-07-2024 00:00:00,RETURNED,EAST
753,1,2024-06-04 00:00:00,CANCELLED,EAST
754,48,2026-03-05 00:00:00,SHIPPED,SOUTH
755,223,2024-04-25 00:00:00,RETURNED,EAST
756,236,2026-05-19 00:00:00,SHIPPED,WEST
757,279,2022-09-19 00:00:00,PLACED,SOUTH
758,255,2022-12-04 00:00:00,CANCELLED,SOUTH
759,451,2023-02-22 00:00:00,RETURNED,SOUTH
760,119,2022-11-21 00:00:00,RETURNED,EAST
761,297,2022-08-22 00:00:00,DELIVERED,EAST
762,29,2024-04-04 00:00:00,CANCELLED,NORTH
763,45,2026-02-02 00:00:00,SHIPPED,SOUTH
764,172,12-12-2023 00:00:00,PLACED,SOUTH
765,453,2023-11-11 00:00:00,CANCELLED,NORTH
766,482,2023-08-17 00:00:00,CANCELLED,EAST
767,1,2022-11-10 00:00:00,DELIVERED,EAST
768,106,2023-11-28 00:00:00,DELIVERED,SOUTH
769,277,2024-03-07 00:00:00,DELIVERED,EAST
770,198,2025-09-25 00:00:00,CANCELLED,NORTH
771,317,2024-01-25 00:00:00,PLACED,WEST
772,,2023-09-11 00:00:00,RETURNED,WEST
773,99,2023-04-30 00:00:00,RETURNED,WEST
774,149,2025-01-05 00:00:00,RETURNED,SOUTH
775,41,2023-01-16 00:00:00,DELIVERED,SOUTH
776,414,2022-06-15 00:00:00,DELIVERED,WEST
777,460,2023-09-16 00:00:00,PLACED,SOUTH
778,434,2024-02-25 00:00:00,SHIPPED,SOUTH
779,65,19-03-2022 00:00:00,PLACED,NORTH
780,212,2025-03-17 00:00:00,RETURNED,NORTH
781,46,2025-03-05 00:00:00,DELIVERED,WEST
782,253,2024-04-20 00:00:00,RETURNED,SOUTH
783,462,2022-02-28 00:00:00,SHIPPED,NORTH
784,291,2026-02-19 00:00:00,SHIPPED,WEST
785,241,2026-07-06 00:00:00,SHIPPED,NORTH
786,360,2026-03-02 00:00:00,SHIPPED,EAST
787,204,2025-12-26 00:00:00,CANCELLED,EAST
788,270,2024-12-26 00:00:00,SHIPPED,NORTH
789,243,2025-08-17 00:00:00,CANCELLED,EAST
790,59,21-01-2022 00:00:00,RETURNED,EAST
791,338,2022-03-27 00:00:00,PLACED,WEST
792,303,2022-08-17 00:00:00,CANCELLED,NORTH
793,453,2025-04-17 00:00:00,RETURNED,SOUTH
794,56,03-12-2025 00:00:00,SHIPPED,NORTH
795,171,2026-06-07 00:00:00,SHIPPED,EAST
796,388,2025-05-04 00:00:00,PLACED,NORTH
797,427,2024-01-15 00:00:00,PLACED,EAST
798,436,2024-11-16 00:00:00,SHIPPED,WEST
799,175,2023-11-18 00:00:00,DELIVERED,WEST
800,428,2022-08-20 00:00:00,SHIPPED,SOUTH
