item_id,order_id,product_id,quantity,unit_price,discount_percent
1,285,16,5,358.31,85
2,733,39,5,456.17,90
3,76,39,5,115.51,63
4,297,12,1,181.11,62
5,454,9,2,361.81,17
6,565,30,2,42.89,78
7,724,30,1,418.74,29
8,141,21,5,237.57,17
9,366,26,2,203.56,65
10,502,30,4,425.23,65
11,624,29,4,418.41,34
12,400,39,1,96.71,51
13,554,10,2,75.94,32
14,702,9,3,475.46,67
15,538,42,1,35.89,69
16,450,32,2,441.08,77
17,56,5,3,464.92,14
18,617,39,3,136.93,59
19,656,20,2,322.67,45
20,617,25,1,56.37,13
21,669,20,2,180.0,88
22,165,19,5,383.83,31
23,72,17,3,23.09,36
24,705,42,2,123.34,28
25,85,15,2,86.03,85
26,190,1,2,299.38,47
27,651,20,2,280.07,8
28,163,28,4,382.28,75
29,798,48,1,481.58,86
30,289,49,2,136.54,54
31,618,3,1,141.2,56
32,539,27,3,344.28,54
33,625,4,4,117.71,75
34,106,13,3,166.09,87
35,228,46,1,311.81,47
36,130,23,5,356.44,38
37,184,23,3,215.36,79
38,731,19,3,311.77,27
39,498,23,4,171.33,4
40,241,20,4,147.01,9
41,486,19,4,308.36,83
42,699,30,1,184.27,45
43,775,20,3,387.16,45
44,745,36,4,350.6,74
45,183,13,5,96.91,80
46,508,48,1,11.53,81
47,687,39,1,462.49,81
48,253,7,5,213.82,55
49,752,39,1,216.88,76
50,613,5,5,133.49,92
51,692,5,1,223.44,26
52,246,17,2,457.77,50
53,232,33,1,427.29,96
54,16,17,5,90.16,86
55,481,4,4,482.66,96
56,560,13,-1,40.56,83
57,138,30,2,462.8,30
58,277,45,5,130.88,47
59,38,25,2,84.07,8
60,45,11,4,257.87,2
61,684,10,3,235.56,70
62,180,24,1,242.23,90
63,770,20,2,124.28,95
64,792,24,2,260.65,19
65,756,19,2,161.68,17
66,259,42,3,314.02,54
67,212,48,2,338.86,63
68,468,12,2,485.89,74
69,463,3,2,458.72,16
70,736,6,1,415.15,76
71,204,35,4,421.72,23
72,544,35,5,219.46,43
73,588,45,3,48.83,14
74,406,29,4,180.17,11
75,165,46,4,274.07,9
76,749,27,2,420.19,85
77,715,45,5,190.53,57
78,452,15,1,122.61,61
79,652,3,5,137.96,43
80,693,21,3,380.28,100
81,311,11,-5,488.77,44
82,156,7,5,255.87,92
83,665,2,2,162.6,18
84,414,9,1,235.83,19
85,279,16,2,85.35,21
86,74,37,2,392.14,62
87,752,33,2,255.66,67
88,573,15,4,198.7,47
89,640,28,1,69.37,49
90,712,29,3,485.84,25
91,643,42,1,472.91,13
92,4,47,4,151.38,42
93,675,19,2,169.9,19
94,301,31,4,474.77,81
95,141,13,5,423.45,58
96,478,8,1,279.54,52
97,514,50,5,488.72,4
98,255,24,2,116.65,45
99,514,42,4,413.07,26
100,790,30,2,150.58,30
101,300,49,2,222.71,34
102,18,37,4,215.88,71
103,367,5,1,127.01,43
104,106,19,2,378.5,50
105,454,22,4,323.01,0
106,340,34,1,314.88,7
107,387,30,5,211.25,73
108,516,16,1,383.16,69
109,593,28,2,467.38,81
110,106,43,1,480.8,51
111,59,7,4,294.05,69
112,367,5,1,420.39,40
113,505,21,4,298.79,61
114,427,44,3,326.74,74
115,188,31,1,426.71,98
116,154,27,3,393.7,23
117,324,2,3,309.24,49
118,451,1,2,499.85,84
119,184,38,4,463.02,96
120,367,46,5,91.68,42
121,207,45,5,96.58,44
122,401,14,3,138.15,35
123,717,33,4,64.29,26
124,279,39,2,47.6,24
125,10799,42,3,199.89,11
126,311,5,4,425.08,26
127,38,49,5,143.61,99
128,800,14,2,490.26,85
129,292,41,4,26.19,0
130,147,8,1,424.64,87
131,138,41,1,164.79,52
132,790,21,1,97.79,3
133,656,14,2,13.7,70
134,571,37,4,384.84,36
135,651,49,1,457.11,61
136,46,38,2,156.61,34
137,98,27,4,18.91,40
138,74,21,5,271.77,75
139,177,25,3,423.66,95
140,188,9,5,385.74,41
141,707,2,3,187.48,69
142,464,10,1,46.35,56
143,316,42,5,428.35,11
144,476,21,3,463.02,33
145,143,39,4,294.25,55
146,23,35,1,487.74,23
147,635,30,5,292.22,32
148,396,12,2,347.95,67
149,540,36,4,332.83,89
150,389,38,3,410.6,45
151,214,19,2,383.42,3
152,199,38,2,212.48,92
153,477,2,1,283.72,21
154,260,50,5,183.36,66
155,711,13,3,462.54,12
156,449,16,4,386.61,9
157,273,37,2,343.67,3
158,217,1,2,390.91,87
159,184,12,1,412.34,8
160,10,44,2,12.4,78
161,229,10,3,133.16,23
162,221,40,4,329.47,5
163,569,30,3,432.67,20
164,700,44,3,168.97,64
165,620,7,3,369.88,95
166,92,35,3,267.41,4
167,239,20,4,160.65,67
168,64,25,5,270.81,93
169,39,24,3,364.93,69
170,504,22,5,464.24,39
171,161,35,1,319.87,11
172,13,45,2,105.21,15
173,208,27,2,377.58,72
174,695,14,2,220.6,26
175,199,25,2,471.92,52
176,185,37,5,303.7,79
177,35,24,3,39.15,25
178,615,45,1,119.69,36
179,142,16,4,94.63,43
180,767,19,5,404.2,21
181,569,38,5,340.06,73
182,768,26,2,364.06,26
183,675,43,3,409.72,59
184,574,39,3,360.08,87
185,493,33,1,323.84,5
186,734,5,2,421.37,26
187,574,18,4,242.68,21
188,408,34,4,443.55,0
189,388,30,2,171.6,68
190,1,10,3,185.6,90
191,478,48,1,26.86,5
192,679,34,3,430.07,71
193,205,26,5,479.27,7
194,73,50,5,492.62,70
195,671,29,2,59.32,71
196,581,11,2,455.42,65
197,380,39,4,103.01,4
198,163,40,4,463.44,89
199,249,10,1,288.92,39
200,236,19,4,208.18,3
201,507,13,1,260.62,17
202,491,23,4,170.34,29
203,140,4,3,134.65,99
204,393,33,5,409.14,93
205,681,28,5,338.51,63
206,49,32,4,438.9,0
207,430,8,3,57.58,23
208,609,26,3,355.17,83
209,142,16,2,424.53,92
210,447,4,4,357.67,87
211,26,25,3,343.9,87
212,195,27,1,14.89,57
213,767,33,3,47.48,1
214,630,7,4,484.67,30
215,243,12,2,376.86,59
216,578,18,1,429.03,1
217,146,17,5,134.3,74
218,368,44,2,79.83,4
219,224,40,-4,284.38,45
220,426,49,4,255.18,52
221,275,20,1,224.15,76
222,68,9,4,421.4,43
223,428,47,5,197.05,37
224,453,27,5,337.94,40
225,431,44,2,492.02,4
226,281,9,3,22.88,68
227,124,49,4,20.55,24
228,480,27,5,26.65,95
229,333,40,3,417.99,22
230,339,8,3,412.44,53
231,250,40,2,255.58,92
232,239,34,4,64.81,82
233,560,34,5,185.07,6
234,337,21,4,218.14,57
235,78,22,4,298.41,55
236,749,49,2,353.61,78
237,134,45,1,351.43,52
238,719,37,3,433.29,74
239,479,2,1,132.72,54
240,638,35,2,366.93,19
241,400,12,3,48.66,23
242,77,45,4,362.51,50
243,126,4,2,241.46,33
244,611,1,3,268.73,77
245,597,47,1,102.41,31
246,656,7,5,162.73,55
247,546,20,4,368.61,83
248,532,1,3,13.09,83
249,479,27,4,401.62,75
250,741,13,-2,82.94,51
251,35,18,5,279.62,22
252,78,4,4,18.46,65
253,519,41,5,81.78,67
254,361,14,5,315.54,95
255,578,14,5,166.06,10
256,214,48,3,79.87,35
257,10799,2,5,498.42,79
258,484,14,-3,222.2,7
259,282,49,2,470.58,72
260,98,32,3,10.79,78
261,593,32,1,265.84,87
262,758,34,5,41.67,50
263,500,14,1,261.06,71
264,154,9,1,19.37,68
265,218,26,2,395.69,80
266,784,26,3,84.32,37
267,707,31,5,427.39,42
268,437,24,4,289.77,10
269,171,1,1,374.23,83
270,253,4,3,256.15,30
271,223,40,3,76.81,11
272,499,24,3,194.89,30
273,636,24,2,32.16,89
274,144,5,3,356.64,14
275,103,15,2,267.7,54
276,79,19,2,125.58,18
277,500,39,5,109.22,18
278,654,36,2,485.9,4
279,782,35,2,188.4,23
280,545,20,4,83.82,13
281,322,31,2,424.36,50
282,754,28,1,486.91,17
283,236,20,3,294.58,11
284,281,3,-5,471.08,27
285,272,45,2,308.71,4
286,571,1,4,230.15,42
287,315,37,4,240.0,31
288,655,15,1,310.86,65
289,88,12,2,176.54,49
290,577,37,2,489.05,47
291,506,4,3,147.33,82
292,543,11,3,280.73,38
293,534,19,2,328.71,58
294,531,3,1,37.76,68
295,31,32,1,221.64,8
296,785,48,2,375.07,93
297,661,38,1,388.79,62
298,264,16,5,55.89,62
299,127,24,3,383.49,61
300,625,18,5,93.47,65
301,666,34,5,373.43,35
302,1,3,4,282.33,81
303,771,20,2,323.09,31
304,649,1,5,138.41,1
305,84,13,5,362.77,48
306,10799,17,1,457.48,90
307,597,25,3,83.58,37
308,253,2,3,33.92,9
309,397,6,5,79.64,26
310,621,36,5,21.29,68
311,711,23,3,431.36,57
312,732,3,3,379.13,32
313,767,46,1,209.21,40
314,247,24,3,496.53,61
315,782,46,2,275.37,98
316,457,28,1,339.65,70
317,118,21,4,203.5,68
318,134,19,2,198.14,2
319,245,13,5,308.73,44
320,751,9,1,456.2,15
321,145,4,1,295.21,87
322,46,26,1,445.69,75
323,540,49,1,85.7,70
324,28,5,-1,219.82,64
325,147,8,5,340.96,49
326,10799,42,2,296.86,44
327,366,16,4,150.42,68
328,464,20,1,368.63,24
329,207,26,5,32.23,39
330,676,32,1,317.86,43
331,438,27,3,315.47,18
332,767,18,5,440.05,64
333,602,17,2,52.91,55
334,173,15,4,58.93,4
335,550,48,4,93.74,82
336,409,25,3,357.96,26
337,641,48,1,61.51,30
338,84,30,4,74.21,7
339,721,3,1,459.93,59
340,593,2,1,131.1,10
341,181,7,-3,199.31,93
342,414,28,2,123.9,77
343,759,38,3,192.89,70
344,335,11,2,145.87,97
345,336,13,2,94.61,82
346,215,24,5,486.51,84
347,467,49,4,187.33,66
348,491,33,5,251.66,40
349,485,5,2,375.44,77
350,297,13,4,82.94,78
351,765,30,5,63.55,27
352,154,30,5,182.11,88
353,654,21,5,25.13,46
354,120,6,2,315.08,79
355,42,4,3,28.09,36
356,776,19,3,351.59,62
357,646,45,1,220.93,94
358,146,29,3,382.76,63
359,30,37,4,455.63,63
360,46,1,4,22.98,76
361,762,49,3,287.0,70
362,144,42,2,144.12,47
363,777,23,3,357.84,42
364,637,40,4,469.68,0
365,152,37,1,112.39,97
366,331,20,3,96.01,24
367,233,15,5,122.55,89
368,440,13,5,118.04,82
369,239,34,4,465.32,0
370,675,22,4,184.81,70
371,3,2,2,436.88,12
372,692,15,5,113.54,28
373,352,23,4,113.27,21
374,555,7,2,164.97,37
375,53,28,4,363.85,5
376,778,20,2,492.6,48
377,59,23,3,446.56,22
378,163,25,5,19.8,50
379,648,13,5,57.24,43
380,80,4,2,359.16,43
381,413,27,1,401.78,53
382,580,45,1,343.55,45
383,15,27,4,199.36,13
384,117,22,2,277.95,83
385,110,26,3,461.94,64
386,121,24,2,158.42,27
387,205,19,2,458.17,5
388,350,23,4,225.56,59
389,675,14,4,282.38,78
390,17,37,3,128.44,36
391,622,8,3,359.83,14
392,476,14,3,327.4,10
393,269,8,3,376.87,86
394,290,34,2,434.33,49
395,518,46,5,477.48,41
396,129,36,4,425.08,11
397,570,48,1,57.19,20
398,78,33,1,104.11,53
399,444,31,2,397.21,33
400,341,5,5,496.34,83
401,178,28,5,13.51,92
402,673,38,1,243.68,60
403,83,17,2,497.01,21
404,352,16,4,252.74,78
405,63,18,2,459.67,1
406,56,8,4,371.23,97
407,620,35,1,210.72,91
408,491,25,2,469.07,23
409,137,16,5,488.86,69
410,10799,34,5,477.71,9
411,476,48,4,377.98,26
412,403,20,4,82.3,77
413,438,34,1,259.42,59
414,741,10,5,120.25,57
415,554,28,5,455.79,4
416,93,1,4,18.62,1
417,583,11,1,251.29,12
418,418,28,5,30.52,77
419,390,24,5,311.89,18
420,400,43,1,411.19,95
421,424,13,1,66.95,59
422,145,27,1,284.31,47
423,143,18,4,483.83,1
424,522,34,4,444.03,48
425,459,24,5,340.96,21
426,507,38,1,445.28,76
427,137,41,5,451.36,73
428,212,38,1,117.74,20
429,219,1,5,282.71,28
430,15,40,2,143.67,9
431,592,20,5,103.03,52
432,163,18,5,14.9,84
433,781,2,2,75.49,89
434,56,42,3,116.95,40
435,691,50,2,301.6,58
436,305,25,2,74.74,91
437,7,20,5,469.32,75
438,207,18,-1,436.89,73
439,10799,50,3,314.94,37
440,374,13,4,102.83,48
441,702,36,3,151.35,76
442,10799,14,5,24.3,21
443,760,30,2,269.55,92
444,573,35,3,354.65,4
445,455,30,2,272.19,37
446,215,41,-2,200.69,49
447,174,9,2,129.97,72
448,651,24,4,139.54,5
449,769,31,1,369.7,18
450,111,41,3,365.7,21
451,31,23,1,88.04,77
452,586,1,2,16.72,53
453,303,24,5,187.28,49
454,419,9,1,290.98,41
455,554,40,2,328.39,55
456,583,6,5,162.83,16
457,418,15,5,21.52,54
458,376,5,4,217.43,65
459,538,3,2,260.76,95
460,147,43,5,281.39,71
461,680,26,1,404.68,82
462,395,4,5,366.54,30
463,756,24,1,70.73,78
464,741,14,4,153.75,31
465,25,42,2,414.2,72
466,129,22,4,483.13,65
467,627,20,1,76.39,6
468,177,35,5,358.74,42
469,514,43,3,38.04,27
470,303,47,5,286.17,20
471,78,8,1,380.18,25
472,485,2,4,28.93,4
473,189,4,4,457.31,55
474,631,33,4,490.44,72
475,2,42,3,472.67,7
476,278,16,3,69.49,89
477,65,31,2,290.56,35
478,341,24,5,94.93,59
479,408,32,3,115.08,13
480,636,26,4,451.65,89
481,561,4,3,107.98,75
482,18,9,5,412.65,98
483,403,45,3,353.72,96
484,768,12,5,190.78,14
485,747,5,1,61.07,58
486,31,37,3,136.16,0
487,710,49,3,159.13,92
488,672,17,5,401.78,3
489,687,29,2,99.72,54
490,287,48,3,357.09,38
491,10799,13,3,446.2,82
492,771,18,5,465.98,27
493,145,35,1,33.25,3
494,271,27,2,28.24,48
495,679,10,2,482.49,87
496,466,8,3,164.83,72
497,125,14,1,204.98,67
498,477,17,5,15.74,85
499,800,20,2,353.98,30
500,622,30,5,227.08,83
501,314,7,-2,373.64,71
502,10799,20,3,286.78,37
503,305,18,3,395.67,38
504,477,37,3,406.52,56
505,255,10,1,468.78,72
506,199,29,1,395.72,14
507,272,13,4,280.08,43
508,147,23,2,319.57,19
509,773,4,2,301.54,80
510,175,18,4,261.98,89
511,284,6,3,142.57,8
512,546,20,1,73.83,95
513,667,35,4,403.41,93
514,370,2,1,154.95,80
515,573,20,1,416.58,2
516,717,11,5,285.79,21
517,352,30,2,285.92,46
518,580,6,5,206.19,76
519,426,32,5,210.26,85
520,590,11,-4,467.55,23
521,431,33,2,147.26,98
522,716,7,5,66.66,19
523,99,32,2,61.47,49
524,226,9,2,310.24,74
525,297,14,-1,255.98,82
526,669,46,3,15.39,1
527,259,45,4,466.77,19
528,678,32,5,413.53,80
529,111,33,5,215.66,50
530,509,13,4,451.12,5
531,704,6,3,349.65,11
532,746,4,5,151.19,36
533,57,34,5,136.95,18
534,694,5,-1,260.27,7
535,140,16,2,304.96,57
536,49,38,4,66.98,16
537,605,14,4,18.68,15
538,177,4,-5,247.31,73
539,700,36,1,193.96,58
540,104,47,2,309.77,23
541,531,20,4,442.54,66
542,397,8,1,235.19,97
543,140,44,4,194.6,53
544,96,3,5,40.21,83
545,22,15,3,440.29,59
546,361,20,3,376.21,63
547,201,36,2,11.71,21
548,367,44,1,375.24,26
549,747,21,4,232.24,94
550,798,16,5,390.72,72
551,193,45,5,182.58,61
552,692,44,3,209.67,14
553,396,43,3,460.78,0
554,122,32,5,28.78,97
555,2,2,1,378.35,48
556,199,16,1,435.61,18
557,70,7,3,107.01,62
558,69,34,4,33.62,22
559,479,48,3,367.54,37
560,555,50,5,191.25,52
561,234,20,5,174.45,40
562,92,47,3,455.6,44
563,617,31,2,20.0,51
564,640,11,1,245.36,85
565,573,17,1,272.76,11
566,12,30,1,247.02,8
567,625,47,5,70.39,28
568,268,4,5,188.41,18
569,110,28,5,143.85,74
570,408,4,5,123.36,30
571,759,32,1,79.21,60
572,739,18,2,477.95,37
573,508,12,5,171.07,32
574,800,2,1,356.3,94
575,656,17,2,116.86,66
576,291,45,2,36.3,6
577,398,17,1,141.12,45
578,575,2,5,215.09,87
579,256,7,3,330.62,52
580,439,23,1,311.58,42
581,195,48,2,359.51,60
582,664,22,1,263.87,70
583,617,33,3,139.94,97
584,131,17,4,47.07,76
585,605,25,4,52.18,60
586,780,18,3,234.71,46
587,580,2,-2,453.15,64
588,514,7,3,389.38,20
589,596,39,3,223.57,99
590,440,5,3,56.56,7
591,531,5,3,112.25,32
592,110,13,3,353.34,86
593,749,13,1,412.42,58
594,726,15,2,248.2,60
595,210,33,1,16.38,45
596,738,22,2,344.13,47
597,65,1,4,314.32,11
598,227,33,5,268.78,100
599,313,3,1,197.07,9
600,143,2,4,10.24,89
601,527,40,1,26.19,0
602,715,23,5,487.33,52
603,777,31,5,17.85,22
604,311,28,1,464.58,13
605,700,39,5,352.64,64
606,448,49,3,47.93,87
607,54,10,3,103.88,68
608,539,44,5,155.77,26
609,95,37,2,276.82,19
610,392,34,3,145.01,33
611,515,41,4,281.09,75
612,550,42,2,87.68,87
613,335,28,2,192.5,40
614,479,8,5,11.13,11
615,424,38,4,497.94,52
616,330,16,2,296.95,5
617,418,9,4,291.53,97
618,598,26,3,170.85,34
619,619,38,4,418.86,97
620,13,47,5,157.89,97
621,361,23,2,295.1,75
622,100,19,2,140.54,91
623,64,3,1,361.76,17
624,664,45,4,231.43,23
625,800,17,3,250.43,2
626,757,33,4,230.94,53
627,42,46,4,136.5,35
628,728,50,5,449.2,4
629,2,43,1,115.49,61
630,381,14,4,205.73,50
631,502,22,4,385.12,50
632,82,26,4,99.95,28
633,408,5,5,459.28,83
634,678,48,4,275.45,44
635,623,15,2,290.6,55
636,549,20,1,139.5,29
637,174,33,5,395.14,30
638,434,26,3,315.37,2
639,268,47,5,118.37,1
640,495,37,5,292.93,32
641,458,38,4,204.19,24
642,485,49,2,130.93,92
643,787,45,5,185.12,67
644,240,49,3,260.05,13
645,490,19,1,499.64,74
646,567,48,1,93.73,29
647,309,20,2,259.59,76
648,5,12,4,277.62,63
649,678,43,4,274.0,69
650,552,12,4,166.42,10
651,619,18,3,257.75,36
652,748,33,4,380.04,64
653,505,30,5,63.08,4
654,127,5,4,443.04,67
655,435,2,5,278.16,46
656,608,20,2,218.21,69
657,711,40,1,492.59,80
658,117,28,4,41.11,80
659,161,46,4,436.65,57
660,463,39,5,151.86,78
661,784,3,2,198.02,80
662,47,46,5,292.06,73
663,695,15,2,303.74,82
664,77,38,3,56.39,92
665,48,33,3,393.76,88
666,98,9,2,423.77,85
667,651,29,1,404.82,42
668,697,2,2,411.85,93
669,312,10,4,109.54,50
670,430,14,1,210.44,28
671,797,44,3,413.62,88
672,96,3,4,24.91,43
673,233,3,3,384.96,92
674,310,24,4,311.61,61
675,372,47,3,462.73,67
676,545,40,5,98.43,92
677,452,16,1,202.49,67
678,415,47,4,189.74,21
679,161,3,1,294.94,35
680,566,7,5,364.96,68
681,611,48,5,179.85,6
682,736,38,5,419.44,23
683,42,29,5,13.72,7
684,77,12,3,485.02,85
685,285,9,4,174.42,56
686,31,27,4,197.73,14
687,299,20,4,87.83,77
688,685,1,1,38.47,75
689,632,19,5,457.26,1
690,504,10,4,143.97,35
691,482,10,2,206.96,12
692,4,50,1,495.05,38
693,176,6,3,207.67,27
694,224,7,4,335.86,63
695,482,46,2,81.43,79
696,708,11,4,496.76,0
697,676,7,2,432.49,71
698,165,16,2,484.63,20
699,290,6,3,36.45,1
700,589,41,1,31.82,55
701,473,37,5,438.48,61
702,437,48,1,335.98,25
703,155,10,3,391.68,32
704,114,21,5,213.16,96
705,80,11,2,403.2,100
706,591,5,3,413.22,35
707,367,43,5,429.92,67
708,474,3,2,456.03,34
709,45,9,1,425.46,70
710,120,32,-4,170.87,99
711,440,44,1,87.33,33
712,790,27,4,405.28,33
713,291,14,3,377.18,100
714,528,34,1,294.26,17
715,274,48,4,422.44,56
716,113,24,2,444.35,82
717,776,35,4,262.41,65
718,533,9,5,498.86,78
719,583,12,1,88.46,44
720,295,32,4,132.22,39
721,735,5,1,323.27,85
722,205,5,-3,151.61,62
723,103,19,1,351.39,54
724,494,27,1,20.21,86
725,732,15,3,129.47,81
726,314,1,4,477.12,42
727,134,13,1,20.32,77
728,100,10,5,326.15,91
729,615,33,4,125.93,42
730,623,27,3,27.95,17
731,97,4,3,248.77,57
732,410,23,1,124.91,11
733,585,15,2,462.76,22
734,485,16,3,95.74,54
735,60,15,1,379.1,71
736,700,17,4,371.74,19
737,139,31,5,182.54,76
738,508,36,1,477.65,91
739,684,15,2,13.87,30
740,234,5,2,37.65,11
741,367,7,3,30.5,69
742,783,16,3,56.77,56
743,164,45,4,479.14,86
744,202,49,1,425.42,13
745,154,37,1,305.73,7
746,666,11,5,281.29,32
747,607,7,5,154.71,9
748,653,22,2,487.58,4
749,184,25,-3,357.28,74
750,262,8,5,11.94,32
751,550,24,4,457.15,81
752,519,35,1,224.3,75
753,133,26,2,39.65,87
754,18,37,1,95.67,17
755,316,47,5,62.0,93
756,330,14,3,425.28,5
757,562,40,2,233.75,79
758,104,5,2,169.62,98
759,227,23,5,215.21,74
760,141,38,5,492.65,57
761,628,19,2,264.14,57
762,143,17,3,128.45,72
763,460,16,5,147.46,17
764,614,16,2,90.39,43
765,699,31,5,370.33,54
766,517,35,4,129.16,59
767,90,7,3,162.99,47
768,350,39,2,219.1,28
769,482,22,4,232.79,42
770,202,22,1,251.9,15
771,609,11,2,78.25,68
772,716,28,4,71.59,1
773,733,34,3,58.01,43
774,241,37,3,230.8,33
775,472,33,4,473.05,100
776,152,44,5,245.09,40
777,147,12,3,178.52,91
778,368,32,2,346.17,25
779,584,5,5,318.36,92
780,153,28,1,439.51,9
781,722,9,4,103.01,51
782,716,43,-2,20.21,36
783,498,37,4,420.42,62
784,199,4,1,385.02,30
785,617,47,3,427.57,9
786,498,32,3,477.04,4
787,706,3,2,400.14,1
788,82,48,4,457.35,59
789,309,27,4,298.0,50
790,522,19,1,389.04,58
791,127,9,1,469.72,81
792,15,21,2,284.08,2
793,577,11,3,413.1,55
794,90,16,1,258.59,29
795,640,13,3,266.77,51
796,491,27,3,160.61,89
797,255,41,2,26.3,13
798,270,14,3,288.77,97
799,121,22,2,76.65,95
800,499,39,-4,478.44,83
801,521,27,3,108.88,33
802,566,24,3,411.62,67
803,83,27,5,182.69,10
804,14,21,4,458.89,11
805,249,22,2,452.44,78
806,343,49,5,193.81,94
807,631,10,2,247.17,89
808,38,13,1,198.98,26
809,283,14,4,491.64,83
810,590,24,2,199.21,78
811,768,11,5,106.79,57
812,44,23,5,61.13,75
813,269,5,3,106.09,52
814,525,16,5,484.89,85
815,492,15,3,151.32,52
816,98,10,5,195.3,62
817,411,41,1,484.9,82
818,122,13,4,211.04,87
819,166,20,2,254.13,91
820,635,28,5,398.44,48
821,465,21,1,406.96,18
822,591,24,3,13.0,8
823,303,20,5,292.19,55
824,194,5,2,287.09,76
825,201,13,-5,303.27,38
826,190,3,-3,271.09,77
827,751,29,2,67.0,51
828,174,14,5,387.69,39
829,262,3,5,261.81,44
830,117,41,1,412.07,92
831,304,21,4,460.78,5
832,753,39,5,424.77,19
833,94,23,2,337.91,89
834,324,38,2,47.41,86
835,578,36,5,196.16,16
836,90,50,3,218.38,79
837,309,25,5,276.25,34
838,624,18,2,398.35,20
839,111,16,2,103.09,4
840,90,3,5,80.02,68
841,378,44,4,169.76,57
842,91,6,-3,321.68,7
843,605,50,2,40.26,97
844,775,21,2,388.89,13
845,703,5,1,419.85,61
846,237,50,1,35.0,86
847,549,1,2,444.53,2
848,243,23,2,352.48,52
849,566,4,4,479.33,94
850,747,2,1,181.95,67
851,73,10,2,372.87,86
852,725,39,4,48.31,17
853,534,16,1,460.21,67
854,59,39,1,154.64,1
855,10799,34,-2,240.89,48
856,720,32,4,301.82,85
857,58,36,2,344.59,80
858,620,9,3,81.17,30
859,292,30,2,50.28,58
860,693,40,5,354.81,1
861,506,12,2,197.29,96
862,171,12,5,441.99,99
863,287,28,-2,369.52,30
864,797,11,3,23.32,5
865,773,1,2,109.09,90
866,442,40,4,336.59,9
867,407,45,2,272.15,27
868,687,32,4,152.25,63
869,242,13,4,491.54,49
870,148,8,2,16.52,37
871,800,31,3,70.05,22
872,742,26,1,467.85,53
873,97,11,4,275.85,92
874,322,2,2,288.89,11
875,487,22,4,277.78,90
876,406,27,3,42.76,37
877,164,41,5,157.94,77
878,225,12,5,169.16,34
879,378,11,1,389.6,100
880,375,20,5,464.79,53
881,357,16,5,153.44,100
882,44,8,5,275.67,17
883,272,13,2,357.87,33
884,572,44,5,438.33,34
885,747,43,5,393.49,7
886,270,43,4,222.01,24
887,499,42,4,163.23,85
888,222,36,1,453.26,23
889,75,2,3,196.79,93
890,158,3,2,106.39,78
891,133,43,3,236.31,40
892,261,40,4,43.94,44
893,10,23,2,448.39,73
894,723,4,4,460.81,16
895,318,12,-2,419.11,79
896,782,40,4,303.32,75
897,139,30,5,76.81,46
898,488,35,5,231.72,76
899,199,40,2,196.42,70
900,734,18,5,438.37,83
901,688,48,4,228.45,1
902,391,24,4,112.57,42
903,774,10,1,134.73,13
904,260,44,1,75.39,6
905,477,49,5,363.34,90
906,219,31,-1,373.66,88
907,516,10,1,459.54,34
908,440,46,4,191.13,39
909,315,18,2,448.91,45
910,221,15,1,236.59,90
911,628,13,2,309.05,80
912,780,18,2,371.05,23
913,558,13,5,122.24,18
914,9,4,4,79.38,59
915,28,38,1,315.95,60
916,639,42,3,209.1,4
917,708,12,3,496.04,34
918,675,9,1,254.67,87
919,728,3,3,440.41,12
920,620,24,1,315.9,82
921,567,11,3,419.59,20
922,745,21,3,125.36,97
923,62,10,4,310.3,57
924,150,45,3,234.23,3
925,254,42,2,420.18,47
926,37,41,5,172.26,82
927,141,15,3,428.03,15
928,472,46,5,118.31,28
929,681,30,4,279.87,50
930,124,20,4,57.85,84
931,42,5,4,319.82,78
932,448,2,5,323.57,34
933,396,41,3,353.51,39
934,253,46,4,457.38,73
935,311,43,4,436.4,23
936,649,3,5,41.09,36
937,21,18,3,278.05,69
938,391,5,4,116.51,58
939,251,30,1,490.11,16
940,647,10,1,330.01,71
941,731,48,3,240.67,53
942,114,18,1,377.09,25
943,285,8,2,407.97,15
944,194,18,1,116.35,85
945,466,8,4,65.28,92
946,471,29,5,408.39,7
947,661,12,3,26.22,86
948,121,29,1,485.28,60
949,411,10,3,300.8,71
950,448,35,2,77.25,89
951,121,7,1,221.89,22
952,722,31,1,31.5,19
953,718,25,4,256.45,92
954,790,3,-2,343.02,58
955,172,25,4,329.14,75
956,424,38,1,257.7,18
957,418,40,4,208.93,80
958,279,24,4,226.36,21
959,530,29,2,144.39,67
960,507,23,4,405.0,80
961,558,44,2,272.79,24
962,313,37,1,111.48,7
963,682,47,5,105.22,25
964,680,28,1,95.55,66
965,733,48,2,92.97,38
966,646,24,4,432.44,66
967,69,8,5,208.79,40
968,654,37,1,151.44,55
969,242,25,3,183.07,88
970,688,24,2,496.24,9
971,787,18,2,73.77,30
972,45,42,1,98.15,86
973,263,14,-2,493.5,60
974,351,34,4,314.78,59
975,448,23,4,153.47,29
976,563,28,2,369.63,66
977,184,1,3,61.61,55
978,134,8,3,218.35,14
979,150,2,3,112.89,32
980,773,40,5,120.97,100
981,9,41,4,67.84,95
982,570,5,5,402.73,99
983,332,3,3,310.21,98
984,297,42,5,46.51,57
985,618,4,2,396.03,93
986,677,21,2,21.04,40
987,702,44,2,391.89,17
988,747,6,2,189.94,3
989,742,41,2,363.55,24
990,258,34,1,293.0,35
991,590,11,5,207.69,37
992,598,15,1,460.06,39
993,572,45,4,54.72,19
994,27,33,4,322.9,9
995,12,23,-3,273.15,3
996,700,30,2,176.82,20
997,217,31,5,339.05,5
998,766,31,1,410.89,89
999,684,12,1,498.6,83
1000,798,8,3,180.88,73
1001,2,12,4,345.66,40
1002,478,25,4,451.64,3
1003,517,11,1,403.76,57
1004,334,33,4,450.28,69
1005,655,30,4,425.19,45
1006,34,14,2,397.51,29
1007,167,14,4,245.86,59
1008,425,38,4,20.59,21
1009,377,48,4,32.61,37
1010,543,33,3,114.18,49
1011,704,20,3,395.15,75
1012,113,25,1,375.58,46
1013,475,41,4,56.24,3
1014,121,15,3,111.81,24
1015,305,39,-4,56.61,63
1016,494,37,1,197.53,60
1017,758,5,4,136.52,53
1018,641,18,4,382.84,80
1019,379,5,3,65.86,35
1020,113,36,3,87.65,49
1021,725,29,3,446.39,0
1022,450,31,3,189.35,71
1023,127,32,1,111.67,33
1024,297,30,2,448.39,0
1025,718,37,1,313.66,4
1026,572,2,5,122.83,98
1027,426,36,3,440.36,66
1028,173,4,3,13.86,14
1029,547,6,3,478.88,49
1030,6,23,1,91.0,47
1031,356,9,2,50.98,92
1032,766,23,1,281.9,25
1033,30,41,2,363.37,94
1034,739,14,4,30.19,71
1035,9,14,2,114.91,74
1036,74,18,3,419.94,57
1037,537,31,5,477.91,2
1038,79,21,5,251.8,72
1039,729,39,4,223.61,85
1040,543,39,1,429.75,64
1041,386,1,3,217.82,19
1042,726,32,2,402.61,67
1043,246,6,4,434.59,38
1044,291,7,2,219.12,62
1045,380,22,1,436.63,11
1046,180,23,4,227.14,50
1047,744,4,4,19.94,15
1048,110,24,1,222.67,89
1049,382,29,3,167.14,95
1050,550,39,5,37.39,24
1051,23,1,3,247.64,99
1052,519,4,4,135.35,92
1053,728,32,4,407.52,67
1054,79,7,1,487.64,37
1055,123,33,4,269.51,33
1056,662,13,4,100.21,33
1057,387,17,-2,199.78,27
1058,423,35,3,68.67,19
1059,340,3,4,294.42,21
1060,383,34,4,303.3,71
1061,796,29,3,70.45,62
1062,296,34,4,46.15,21
1063,285,25,3,146.75,57
1064,10799,2,2,408.74,35
1065,99,7,1,349.69,11
1066,573,25,5,97.16,57
1067,487,8,1,435.96,47
1068,425,17,4,59.34,47
1069,741,35,4,300.69,82
1070,324,13,4,483.67,89
1071,3,24,5,228.16,35
1072,756,35,1,76.59,46
1073,625,37,-2,348.38,25
1074,396,1,3,498.81,86
1075,306,8,2,14.55,89
1076,568,31,5,185.29,38
1077,342,48,3,190.73,93
1078,66,3,4,143.36,90
1079,669,43,1,79.0,45
1080,239,23,2,307.19,14
1081,392,50,2,134.81,67
1082,499,30,3,263.05,26
1083,531,37,1,141.77,33
1084,3,31,2,228.51,86
1085,439,29,5,206.95,15
1086,249,16,1,354.5,19
1087,523,23,1,329.75,95
1088,396,13,5,115.85,91
1089,637,19,4,385.76,32
1090,786,40,3,155.08,45
1091,113,37,5,325.05,11
1092,199,12,2,21.67,33
1093,568,9,3,213.34,9
1094,171,33,2,170.58,6
1095,105,42,5,136.52,62
1096,502,15,1,16.04,70
1097,72,9,4,275.11,95
1098,427,1,4,438.42,89
1099,476,15,2,409.56,38
1100,646,25,1,110.42,70
1101,794,6,4,175.17,96
1102,734,16,4,482.11,30
1103,99,29,5,487.0,9
1104,205,24,4,284.33,50
1105,442,3,1,355.84,7
1106,123,31,4,317.47,98
1107,335,19,3,193.41,49
1108,598,33,1,199.56,69
1109,130,9,2,352.07,80
1110,125,16,4,491.26,17
1111,33,25,1,122.19,2
1112,500,47,3,177.71,69
1113,623,26,4,19.03,65
1114,203,16,2,189.97,12
1115,242,6,1,182.58,13
1116,220,18,5,450.84,59
1117,798,31,1,92.71,1
1118,616,4,5,185.73,41
1119,167,13,4,493.79,62
1120,452,28,1,240.02,9
1121,559,24,3,359.52,30
1122,230,25,4,269.68,24
1123,348,50,-1,455.19,94
1124,653,3,3,115.43,27
1125,198,34,4,35.1,79
1126,362,5,3,283.94,85
1127,214,4,1,461.91,78
1128,554,8,2,398.54,31
1129,411,40,1,188.12,57
1130,120,28,2,164.72,23
1131,84,22,1,434.77,72
1132,103,3,1,83.26,88
1133,521,23,3,30.8,54
1134,688,40,3,27.67,91
1135,605,35,1,185.55,85
1136,557,9,3,63.38,80
1137,266,9,4,272.84,69
1138,712,3,2,300.53,89
1139,176,23,4,43.86,92
1140,575,37,1,147.74,8
1141,287,26,3,150.07,30
1142,494,1,1,430.31,78
1143,760,26,1,361.19,77
1144,450,42,4,75.13,1
1145,87,30,2,345.12,45
1146,447,36,1,40.09,61
1147,18,50,5,295.7,58
1148,142,48,-1,104.21,26
1149,86,29,3,68.42,90
1150,559,30,2,436.15,42
1151,125,45,1,484.3,99
1152,295,46,2,105.27,25
1153,127,26,4,234.71,20
1154,792,27,3,173.27,82
1155,507,5,4,239.49,6
1156,634,13,4,46.43,42
1157,620,1,4,189.47,47
1158,738,11,5,152.95,34
1159,505,29,4,246.55,75
1160,435,50,3,488.84,51
1161,651,18,5,50.72,53
1162,114,49,1,433.68,1
1163,159,30,1,177.47,77
1164,260,27,3,324.03,86
1165,49,30,2,147.8,20
1166,251,11,2,379.01,73
1167,288,19,4,475.23,26
1168,275,9,4,271.38,43
1169,453,10,4,233.55,72
1170,129,26,5,54.36,37
1171,454,46,2,230.67,58
1172,619,5,1,287.45,4
1173,615,32,4,390.07,98
1174,389,18,1,222.68,45
1175,126,36,5,410.89,69
1176,478,33,4,283.66,86
1177,11,33,1,257.69,29
1178,18,13,4,151.19,22
1179,283,21,3,270.54,74
1180,261,25,4,400.89,25
1181,661,11,1,239.15,80
1182,267,28,5,54.37,87
1183,461,12,5,437.56,97
1184,143,5,3,389.67,67
1185,497,5,5,41.74,10
1186,347,28,3,185.15,67
1187,569,20,2,434.37,35
1188,438,37,1,390.32,34
1189,422,24,1,184.57,98
1190,501,4,5,325.0,11
1191,198,5,4,262.08,61
1192,672,49,3,390.3,86
1193,750,44,1,473.89,37
1194,2,11,2,145.38,62
1195,244,42,1,467.08,48
1196,767,47,4,429.4,47
1197,47,25,5,160.4,9
1198,761,45,3,365.96,89
1199,88,15,2,12.36,49
1200,660,42,2,59.84,51
1201,551,49,1,491.26,100
1202,721,19,3,162.45,19
1203,666,33,2,83.37,85
1204,351,42,4,409.62,92
1205,759,5,4,298.45,19
1206,642,48,2,493.59,22
1207,438,23,-2,196.56,93
1208,312,43,3,138.53,41
1209,663,19,4,111.9,10
1210,10799,12,4,287.89,47
1211,348,47,2,399.96,83
1212,771,5,2,259.76,4
1213,315,18,3,87.75,76
1214,158,23,5,17.73,99
1215,633,31,5,165.23,69
1216,301,48,2,242.54,68
1217,582,36,5,268.39,51
1218,656,21,2,294.27,32
1219,68,27,2,493.68,1
1220,35,40,2,361.07,68
1221,409,15,1,120.99,20
1222,581,17,1,81.02,59
1223,489,21,3,185.69,45
1224,591,33,1,294.23,66
1225,396,32,2,167.85,19
1226,508,29,5,156.08,92
1227,570,33,-2,27.56,11
1228,541,40,2,119.79,16
1229,543,20,4,359.81,85
1230,424,43,5,261.77,18
1231,105,5,-5,133.14,6
1232,734,50,5,129.77,0
1233,635,17,5,67.41,31
1234,81,31,3,192.51,81
1235,670,40,-3,277.08,53
1236,109,46,2,445.23,82
1237,131,21,4,245.17,80
1238,545,41,5,107.6,58
1239,562,28,4,262.0,48
1240,189,42,5,488.94,9
1241,98,9,-3,278.18,92
1242,120,47,3,109.4,76
1243,708,3,3,358.27,85
1244,673,9,5,491.69,52
1245,154,39,1,266.6,36
1246,768,13,4,118.15,57
1247,551,3,5,99.69,44
1248,498,29,4,410.48,53
1249,193,13,5,230.28,99
1250,297,27,3,71.26,46
1251,269,48,2,470.27,10
1252,667,47,4,220.7,27
1253,411,32,1,210.17,16
1254,645,34,5,12.18,23
1255,606,1,4,25.14,60
1256,461,23,5,332.9,22
1257,272,44,3,435.12,86
1258,130,9,4,379.5,85
1259,113,19,4,79.12,40
1260,265,23,2,57.96,45
1261,42,19,5,346.27,42
1262,226,40,5,214.26,1
1263,608,18,5,30.52,27
1264,328,44,2,355.43,100
1265,180,30,2,111.62,40
1266,322,48,4,163.25,70
1267,764,26,4,359.07,67
1268,394,34,1,334.95,5
1269,780,21,1,87.95,100
1270,667,26,1,292.83,11
1271,234,31,4,322.25,58
1272,419,48,2,59.95,39
1273,507,32,5,486.23,49
1274,408,9,5,367.42,40
1275,644,1,4,492.81,32
1276,760,4,2,240.52,57
1277,354,20,1,325.9,97
1278,419,10,1,53.48,83
1279,662,49,5,243.95,82
1280,418,42,2,430.85,69
1281,135,43,1,167.48,12
1282,767,41,3,383.73,13
1283,174,7,3,127.25,44
1284,402,18,4,247.87,38
1285,712,6,3,348.26,17
1286,539,10,5,17.0,67
1287,800,3,5,331.16,63
1288,286,13,3,50.89,95
1289,106,16,1,495.73,8
1290,114,28,5,455.3,20
1291,308,38,4,424.38,70
1292,645,29,2,339.5,33
1293,348,18,1,47.21,22
1294,260,50,1,347.71,9
1295,693,7,1,110.75,33
1296,477,35,1,279.55,66
1297,31,50,3,168.4,90
1298,21,23,1,275.72,10
1299,106,25,2,181.96,21
1300,710,42,1,466.77,39
1301,716,47,3,246.97,68
1302,161,17,5,372.75,62
1303,732,14,1,480.69,36
1304,627,30,1,212.89,14
1305,182,20,3,488.57,75
1306,516,27,2,373.99,70
1307,789,43,2,189.86,8
1308,785,2,4,395.93,56
1309,549,39,3,330.9,51
1310,519,15,1,257.52,25
1311,196,20,5,304.62,64
1312,517,29,2,283.47,31
1313,691,6,3,23.82,78
1314,83,27,3,56.8,74
1315,490,15,4,417.04,34
1316,10799,12,1,254.64,39
1317,357,3,2,326.59,4
1318,456,3,5,111.23,100
1319,783,10,1,333.93,31
1320,552,18,5,15.44,65
1321,450,48,3,355.97,33
1322,131,39,4,126.75,62
1323,147,28,3,294.43,73
1324,39,9,2,315.23,26
1325,312,3,3,50.08,6
1326,560,22,3,284.93,27
1327,722,10,1,192.68,79
1328,67,25,1,492.25,71
1329,7,15,3,360.07,76
1330,61,30,1,467.7,15
1331,794,49,3,249.17,61
1332,623,16,2,428.52,97
1333,548,11,5,419.39,55
1334,194,47,5,239.49,12
1335,543,40,3,367.17,88
1336,265,23,1,44.42,88
1337,96,31,5,328.69,34
1338,604,8,1,230.18,87
1339,221,35,1,103.2,14
1340,546,45,3,116.96,97
1341,377,40,3,413.26,20
1342,724,25,3,306.26,58
1343,772,17,2,455.8,59
1344,552,2,4,66.26,69
1345,578,12,2,217.46,64
1346,639,32,1,191.37,37
1347,226,46,2,425.25,54
1348,99,13,2,368.48,62
1349,472,9,3,313.16,58
1350,73,25,5,146.3,46
1351,158,16,5,392.7,27
1352,187,26,5,399.29,61
1353,8,38,1,86.77,90
1354,684,3,5,330.47,20
1355,92,7,2,357.22,54
1356,718,28,3,176.73,23
1357,707,47,2,150.77,48
1358,425,11,2,385.3,5
1359,703,36,-3,178.99,5
1360,324,19,2,21.36,77
1361,266,50,1,146.2,23
1362,16,8,1,95.28,89
1363,565,20,5,490.59,9
1364,572,24,5,333.53,27
1365,767,43,5,310.23,30
1366,396,36,1,319.53,53
1367,310,4,1,478.95,18
1368,457,25,5,323.08,8
1369,681,25,1,412.43,13
1370,587,35,1,417.25,84
1371,323,5,3,231.39,12
1372,56,23,3,323.91,9
1373,167,12,3,371.45,73
1374,293,3,3,262.46,61
1375,402,28,3,421.13,40
1376,494,13,3,438.26,72
1377,307,7,4,296.35,89
1378,309,14,1,38.81,86
1379,744,26,5,116.33,7
1380,309,20,4,141.32,97
1381,662,48,4,46.15,31
1382,450,43,3,308.0,25
1383,669,35,4,221.95,29
1384,768,13,3,30.7,7
1385,342,20,5,405.4,42
1386,196,33,3,308.38,54
1387,81,26,3,202.28,24
1388,344,44,1,194.81,50
1389,244,23,5,317.54,26
1390,428,29,5,415.35,91
1391,723,12,5,271.3,100
1392,524,40,1,146.19,71
1393,453,14,3,399.63,96
1394,256,8,5,135.86,97
1395,87,2,-5,437.46,29
1396,712,25,1,109.91,63
1397,420,22,2,208.47,4
1398,731,29,3,483.79,49
1399,290,47,1,435.53,47
1400,562,35,1,32.75,55
1401,630,17,3,247.82,75
1402,716,42,2,119.22,63
1403,682,9,4,427.32,4
1404,321,19,2,442.22,84
1405,70,15,5,308.82,7
1406,492,21,1,442.31,11
1407,80,17,3,62.91,19
1408,197,34,5,403.29,10
1409,118,38,3,339.13,95
1410,641,49,4,486.5,54
1411,663,47,3,256.13,9
1412,283,7,4,185.33,53
1413,10799,5,2,137.89,84
1414,221,42,4,339.62,17
1415,112,44,3,73.92,62
1416,375,21,1,102.13,17
1417,766,24,2,165.4,65
1418,770,36,3,53.81,92
1419,489,9,2,349.24,97
1420,638,30,5,459.72,27
1421,220,34,4,283.44,75
1422,452,1,2,118.59,62
1423,81,21,4,112.24,27
1424,434,2,4,449.47,87
1425,386,14,3,190.81,27
1426,516,47,3,156.63,80
1427,8,20,1,454.09,23
1428,633,12,2,330.13,28
1429,211,13,4,194.92,55
1430,207,46,5,394.72,59
1431,92,38,1,231.45,17
1432,34,50,5,48.31,35
1433,776,40,3,35.66,67
1434,8,19,2,194.03,68
1435,122,22,1,413.0,19
1436,589,20,1,154.55,33
1437,711,50,3,496.65,38
1438,135,45,3,246.75,53
1439,564,21,3,250.54,34
1440,329,41,1,155.32,86
1441,121,19,5,452.11,8
1442,444,1,4,416.17,25
1443,740,33,2,101.89,20
1444,729,27,1,221.5,0
1445,3,1,4,460.31,24
1446,450,20,3,224.42,9
1447,280,35,4,465.62,55
1448,788,44,4,112.65,11
1449,220,50,4,69.39,92
1450,653,19,5,10.34,27
1451,520,18,1,54.05,79
1452,496,16,4,457.81,1
1453,584,50,5,239.51,36
1454,463,18,1,410.05,8
1455,237,2,3,10.87,88
1456,213,47,2,285.52,95
1457,799,2,4,317.68,47
1458,313,22,5,56.07,74
1459,133,4,2,384.56,0
1460,704,37,4,93.11,45
1461,97,30,1,145.23,25
1462,718,42,3,19.83,67
1463,683,26,2,413.45,1
1464,191,50,2,269.06,37
1465,371,41,2,116.09,78
1466,565,7,2,331.29,0
1467,447,3,2,146.88,59
1468,109,1,2,116.33,68
1469,200,16,2,142.19,40
1470,71,39,4,131.95,48
1471,452,41,3,318.32,77
1472,32,33,3,115.12,46
1473,614,8,4,108.43,99
1474,502,20,4,457.11,0
1475,76,26,1,61.34,41
1476,713,29,4,26.55,43
1477,419,4,1,124.68,20
1478,400,16,4,86.13,52
1479,231,39,4,369.59,26
1480,79,1,1,365.07,93
1481,678,49,5,397.5,48
1482,501,29,5,64.12,13
1483,669,11,5,230.45,51
1484,85,31,1,226.26,90
1485,586,34,4,268.68,88
1486,586,18,3,205.44,69
1487,444,27,1,373.24,71
1488,342,1,5,41.6,54
1489,186,40,2,341.42,12
1490,37,34,1,464.77,36
1491,43,40,2,288.03,84
1492,602,17,2,168.35,11
1493,299,34,3,150.1,55
1494,355,23,4,164.74,84
1495,110,36,3,55.06,62
1496,693,39,3,461.98,2
1497,789,9,1,90.2,13
1498,149,7,5,388.62,19
1499,584,42,4,173.54,16
1500,493,19,4,441.14,93
1501,546,35,4,425.88,45
1502,249,42,4,351.33,26
1503,653,15,3,124.92,76
1504,782,21,5,16.79,2
1505,303,44,2,158.85,92
1506,129,10,1,400.18,10
1507,777,38,1,457.27,3
1508,288,24,4,163.43,87
1509,128,28,3,66.54,31
1510,277,48,5,238.44,33
1511,580,21,1,123.23,46
1512,798,1,4,475.11,80
1513,375,39,4,368.5,41
1514,787,12,4,391.86,64
1515,251,27,1,418.24,32
1516,478,12,5,29.34,53
1517,715,35,3,108.16,2
1518,278,25,5,71.19,95
1519,641,25,1,479.6,100
1520,545,4,3,150.35,17
1521,43,37,1,319.02,73
1522,175,50,3,412.56,76
1523,544,50,4,25.68,75
1524,525,49,4,31.68,38
1525,406,19,5,148.96,19
1526,545,32,5,66.21,53
1527,415,20,4,56.95,99
1528,708,46,3,304.98,57
1529,160,31,5,176.41,37
1530,424,45,1,211.48,77
1531,591,18,5,350.44,88
1532,456,20,-1,280.04,46
1533,124,31,2,123.89,92
1534,487,32,1,298.53,17
1535,562,26,5,21.94,94
1536,780,19,1,179.47,39
1537,577,2,1,244.96,33
1538,423,15,3,445.94,50
1539,350,25,3,378.25,54
1540,668,18,5,114.26,56
1541,485,38,3,180.54,36
1542,783,3,1,475.08,77
1543,455,24,4,73.23,22
1544,552,41,4,475.52,1
1545,97,17,1,290.45,24
1546,630,18,5,462.15,29
1547,338,48,2,360.11,8
1548,475,48,5,44.81,61
1549,252,8,4,490.5,65
1550,334,31,5,484.74,45
1551,448,40,5,23.71,2
1552,318,29,3,144.82,99
1553,678,38,4,169.7,77
1554,291,26,4,177.88,9
1555,272,28,5,389.6,48
1556,332,46,2,85.5,75
1557,770,28,2,401.81,92
1558,748,45,3,92.29,92
1559,799,27,4,365.91,36
1560,643,24,3,377.63,86
1561,75,30,3,411.48,73
1562,771,46,4,476.52,99
1563,728,34,1,227.65,3
1564,393,50,5,406.76,9
1565,738,44,1,382.19,0
1566,10799,45,4,168.67,90
1567,498,29,3,380.55,36
1568,800,13,3,240.5,9
1569,203,21,2,330.67,4
1570,653,26,3,493.6,42
1571,683,32,5,22.06,8
1572,429,45,2,339.76,1
1573,621,20,3,478.13,4
1574,619,40,1,71.19,84
1575,125,14,4,63.93,42
1576,773,35,1,260.93,48
1577,568,50,3,499.81,71
1578,708,33,5,328.72,76
1579,304,29,5,91.46,79
1580,310,43,1,211.73,82
1581,204,42,2,197.01,74
1582,328,18,5,372.16,26
1583,705,31,4,86.85,98
1584,219,47,5,309.45,25
1585,119,21,2,201.54,61
1586,83,50,5,340.46,33
1587,273,12,4,185.05,15
1588,269,27,5,234.76,31
1589,196,43,2,193.81,11
1590,140,5,4,273.69,45
1591,367,44,3,281.47,96
1592,336,25,5,325.28,98
1593,777,47,-3,462.98,33
1594,689,45,5,317.83,51
1595,534,22,1,421.56,50
1596,256,2,3,67.12,83
1597,191,25,3,124.11,84
1598,529,24,5,152.52,53
1599,309,36,1,395.81,2
1600,210,24,3,388.97,39
1601,170,47,-2,86.12,76
1602,390,4,1,319.77,94
1603,651,28,1,121.64,51
1604,151,21,3,111.67,11
1605,302,10,5,358.97,44
1606,368,34,3,242.09,41
1607,232,1,1,281.18,87
1608,487,47,1,398.69,21
1609,657,22,4,441.67,2
1610,119,25,3,262.19,6
1611,793,30,2,133.07,97
1612,225,1,2,380.3,67
1613,613,19,5,16.08,74
1614,2,35,2,465.68,73
1615,239,21,3,310.39,87
1616,709,49,4,173.12,7
1617,584,50,4,303.95,41
1618,558,21,1,378.19,78
1619,81,33,5,14.96,4
1620,265,15,3,146.39,3
1621,38,48,1,328.44,18
1622,293,43,1,326.95,49
1623,435,7,1,108.99,50
1624,379,21,1,470.61,0
1625,617,1,2,418.0,52
1626,103,17,5,259.85,33
1627,571,26,-5,485.87,48
1628,636,11,1,132.56,32
1629,226,25,1,145.82,76
1630,311,21,4,312.76,81
1631,256,27,4,109.66,72
1632,617,47,3,308.31,4
1633,481,26,5,49.52,15
1634,580,18,3,292.67,54
1635,24,43,1,440.06,89
1636,565,12,5,189.45,64
1637,493,31,2,449.93,46
1638,583,44,3,158.65,63
1639,474,27,3,29.37,48
1640,732,37,2,451.51,100
1641,176,48,1,419.25,60
1642,261,28,3,229.91,27
1643,326,46,4,114.37,76
1644,669,13,2,174.35,46
1645,287,39,5,179.96,84
1646,571,28,3,94.26,63
1647,423,6,5,29.06,80
1648,36,40,5,180.5,72
1649,195,29,3,96.95,82
1650,401,19,5,108.6,86
1651,155,40,4,104.82,55
1652,28,23,5,195.59,42
1653,799,32,5,255.6,76
1654,404,10,1,481.32,77
1655,213,48,5,236.73,73
1656,127,22,1,356.02,33
1657,692,13,1,220.95,42
1658,174,8,5,484.01,37
1659,10799,27,4,426.38,85
1660,148,10,1,315.92,72
1661,693,12,4,218.21,18
1662,187,22,4,328.55,31
1663,791,26,3,289.99,31
1664,470,50,2,75.92,19
1665,346,37,4,185.07,7
1666,521,18,1,374.09,69
1667,87,11,2,348.83,37
1668,294,12,3,402.24,77
1669,354,45,5,417.57,98
1670,634,45,1,200.01,74
1671,45,36,3,191.31,71
1672,535,24,5,205.73,59
1673,665,40,5,188.05,58
1674,701,17,1,79.97,50
1675,564,39,4,368.72,92
1676,171,28,5,108.33,60
1677,507,6,5,31.69,90
1678,150,44,5,406.9,75
1679,466,8,5,69.01,91
1680,668,4,5,300.63,27
1681,370,3,4,375.23,38
1682,675,42,2,393.41,93
1683,177,25,3,206.89,55
1684,390,18,2,140.15,4
1685,550,38,4,32.8,97
1686,227,23,1,281.43,29
1687,641,27,4,86.34,81
1688,136,16,2,257.28,38
1689,12,12,4,75.56,47
1690,607,38,4,110.18,77
1691,499,45,5,347.75,34
1692,740,7,5,35.8,6
1693,692,15,5,463.91,88
1694,574,26,5,361.43,71
1695,612,50,4,403.18,88
1696,742,10,3,458.06,47
1697,66,20,5,210.23,100
1698,603,30,5,485.36,1
1699,531,18,3,230.87,69
1700,580,9,3,121.26,34
1701,545,31,4,492.68,24
1702,164,44,2,210.98,19
1703,781,7,5,324.44,83
1704,719,38,1,205.38,52
1705,217,39,4,438.2,16
1706,668,19,1,313.36,32
1707,701,11,2,215.08,94
1708,465,19,3,490.81,89
1709,339,47,5,435.86,90
1710,50,48,2,101.37,92
1711,558,7,4,134.08,4
1712,326,34,3,409.96,71
1713,441,49,2,428.09,3
1714,77,29,3,362.86,54
1715,519,11,5,372.02,70
1716,41,16,2,187.96,100
1717,524,18,3,263.65,35
1718,105,5,3,150.98,72
1719,656,1,1,141.97,60
1720,643,7,-3,224.22,22
1721,780,2,4,93.54,10
1722,223,32,2,264.84,50
1723,750,7,1,414.47,51
1724,644,27,5,394.25,33
1725,511,24,1,357.85,83
1726,438,2,3,36.38,30
1727,235,2,3,240.77,71
1728,336,8,5,21.23,84
1729,356,38,2,304.98,55
1730,102,38,4,19.6,20
1731,418,16,5,130.72,89
1732,489,31,-1,428.63,54
1733,607,33,1,175.61,63
1734,51,47,2,56.72,16
1735,455,4,5,411.66,50
1736,6,21,2,493.9,61
1737,314,1,2,169.96,29
1738,15,48,2,30.45,56
1739,793,17,5,285.19,80
1740,606,4,2,189.4,29
1741,225,26,4,406.09,99
1742,362,47,2,391.31,68
1743,734,22,2,292.91,0
1744,330,20,3,74.13,96
1745,686,1,4,158.73,79
1746,461,25,2,460.55,64
1747,425,34,2,288.87,32
1748,381,6,1,95.38,40
1749,342,32,1,215.21,38
1750,427,15,4,482.87,14
1751,553,49,1,441.75,52
1752,627,45,3,110.38,86
1753,156,21,3,380.92,59
1754,393,42,4,208.02,85
1755,485,32,2,373.05,86
1756,57,3,4,74.72,12
1757,551,39,3,357.77,77
1758,608,23,4,306.52,26
1759,614,10,3,138.78,83
1760,660,3,1,276.87,36
1761,748,42,3,390.1,60
1762,652,41,5,45.55,18
1763,598,43,4,416.75,71
1764,481,13,2,152.42,95
1765,242,37,3,382.92,59
1766,63,35,4,394.96,46
1767,694,11,2,344.63,6
1768,48,16,5,360.05,89
1769,234,18,3,317.64,41
1770,348,15,4,371.17,52
1771,739,46,3,84.71,32
1772,331,5,-2,103.14,56
1773,67,45,4,111.08,37
1774,163,4,2,343.52,89
1775,454,24,1,396.66,17
1776,476,37,5,69.14,29
1777,726,29,4,202.0,91
1778,427,10,3,342.65,20
1779,100,4,1,243.81,5
1780,603,37,1,288.82,80
1781,6,1,3,404.93,87
1782,145,43,2,173.14,5
1783,723,5,5,114.31,64
1784,85,45,3,470.2,87
1785,769,32,2,177.15,52
1786,199,31,1,112.6,38
1787,555,13,5,188.09,47
1788,765,32,4,62.74,44
1789,39,48,5,308.66,47
1790,605,12,2,295.44,17
1791,794,33,2,135.62,95
1792,778,50,4,128.45,52
1793,721,7,1,189.97,51
1794,143,38,-3,219.09,35
1795,362,18,4,24.6,67
1796,461,17,4,243.74,31
1797,37,41,3,68.03,51
1798,250,33,2,279.75,46
1799,202,30,2,185.42,54
1800,486,28,1,188.69,1
1801,701,4,3,22.12,35
1802,526,49,4,318.98,78
1803,555,40,3,201.26,27
1804,617,21,2,465.13,4
1805,292,33,4,489.63,26
1806,101,10,4,284.47,1
1807,510,14,5,69.81,97
1808,112,50,1,269.99,20
1809,697,33,5,291.85,65
1810,690,7,-2,27.51,39
1811,14,39,4,474.48,37
1812,17,5,3,326.98,93
1813,713,18,-3,316.33,9
1814,25,42,4,138.44,38
1815,54,12,1,38.05,78
1816,665,17,1,69.69,91
1817,219,23,2,14.02,80
1818,134,38,4,485.86,40
1819,88,12,4,384.78,34
1820,116,36,2,462.73,2
1821,475,24,5,498.48,2
1822,567,4,4,232.39,43
1823,301,21,1,334.54,19
1824,250,32,3,397.72,7
1825,76,16,2,467.96,9
1826,718,22,2,249.06,84
1827,343,33,3,96.21,79
1828,241,41,5,181.99,63
1829,271,19,5,345.55,66
1830,141,27,4,95.51,36
1831,651,8,5,456.39,9
1832,31,43,1,380.36,44
1833,721,17,4,231.8,12
1834,657,33,3,104.84,58
1835,518,43,3,224.09,52
1836,195,25,2,97.51,74
1837,142,45,-5,227.45,18
1838,703,50,3,223.35,11
1839,184,47,2,325.63,64
1840,77,42,4,364.85,99
1841,461,5,-3,206.62,10
1842,324,42,3,40.7,35
1843,420,4,2,484.85,70
1844,790,22,5,275.21,48
1845,120,17,4,237.47,17
1846,613,19,5,476.72,1
1847,99,29,4,312.58,53
1848,23,31,4,61.23,78
1849,107,30,4,196.06,21
1850,216,42,3,307.51,10
1851,226,22,4,136.33,91
1852,21,23,4,105.06,77
1853,443,37,2,329.51,39
1854,15,47,5,279.74,12
1855,665,13,2,35.41,73
1856,255,34,4,482.98,51
1857,123,12,3,237.95,89
1858,727,47,5,94.0,61
1859,429,44,4,35.04,14
1860,90,37,3,279.08,59
1861,710,29,1,344.28,45
1862,737,28,2,128.79,86
1863,789,24,3,197.37,65
1864,467,19,1,422.74,75
1865,463,19,3,171.66,80
1866,512,24,4,489.87,84
1867,264,28,2,275.9,7
1868,640,37,3,139.22,17
1869,569,41,1,369.24,40
1870,308,24,3,410.82,21
1871,687,18,3,224.33,11
1872,376,46,4,205.34,12
1873,80,39,3,441.45,89
1874,670,24,5,397.24,35
1875,560,45,4,487.6,99
1876,787,40,5,189.39,79
1877,447,19,-1,195.25,5
1878,223,8,5,320.48,81
1879,126,49,1,274.0,72
1880,392,32,2,318.76,85
1881,286,41,4,315.19,11
1882,46,32,-3,354.73,99
1883,606,3,5,278.24,99
1884,514,22,1,52.25,67
1885,149,43,1,146.64,84
1886,407,13,4,429.84,5
1887,685,27,5,370.78,36
1888,388,4,3,269.29,33
1889,210,11,4,196.64,90
1890,464,48,5,405.95,34
1891,642,42,1,225.38,67
1892,490,20,2,95.47,84
1893,573,20,5,33.21,62
1894,10799,27,3,293.78,27
1895,222,15,1,112.87,91
1896,791,38,1,21.44,29
1897,758,42,3,451.08,0
1898,369,28,3,395.23,16
1899,387,11,3,95.25,48
1900,10799,42,2,269.65,75
1901,605,35,3,67.64,34
1902,485,9,2,201.22,50
1903,468,33,3,153.85,83
1904,574,48,2,478.13,71
1905,524,22,1,133.22,81
1906,624,29,4,39.53,55
1907,430,19,1,443.99,38
1908,738,38,4,282.22,72
1909,94,38,5,166.95,16
1910,145,42,2,132.34,60
1911,328,16,4,424.52,0
1912,376,25,5,317.36,37
1913,10799,34,3,215.82,14
1914,39,24,1,372.07,83
1915,776,5,3,395.42,69
1916,606,14,3,413.93,62
1917,635,17,5,136.42,84
1918,122,37,5,283.62,45
1919,631,33,5,200.4,46
1920,48,13,3,355.62,83
1921,411,47,5,405.99,4
1922,79,4,4,83.09,42
1923,159,22,4,491.64,88
1924,513,2,4,121.09,42
1925,758,9,3,174.65,42
1926,46,37,1,421.91,77
1927,321,15,5,462.08,28
1928,438,40,4,324.77,46
1929,537,7,2,69.91,42
1930,373,16,2,243.83,26
1931,163,34,2,223.13,10
1932,10799,47,5,58.02,65
1933,140,18,3,79.08,52
1934,699,37,1,29.25,2
1935,510,21,5,463.07,79
1936,6,26,4,321.37,65
1937,444,50,1,352.74,67
1938,306,7,1,206.47,54
1939,45,2,2,90.68,64
1940,41,36,5,14.91,35
1941,675,16,4,187.01,2
1942,211,6,3,15.38,2
1943,207,6,1,249.79,49
1944,249,48,4,42.56,100
1945,488,48,3,456.9,98
1946,534,15,1,373.85,56
1947,87,36,4,234.92,91
1948,505,46,4,233.51,71
1949,583,43,2,161.88,32
1950,744,16,2,327.71,69
1951,771,1,5,296.6,0
1952,726,8,5,380.57,66
1953,604,34,5,73.9,68
1954,191,35,2,260.42,42
1955,603,25,4,399.08,8
1956,10,4,3,122.95,52
1957,411,1,2,265.01,93
1958,525,9,1,77.77,67
1959,65,23,3,214.38,19
1960,535,3,4,127.24,15
1961,732,20,1,47.38,62
1962,472,35,1,314.7,1
1963,116,38,3,380.31,27
1964,490,33,1,194.21,27
1965,359,49,4,445.12,88
1966,746,29,3,495.27,77
1967,727,17,5,298.54,2
1968,390,34,1,167.68,40
1969,46,19,3,340.47,74
1970,651,9,2,407.51,11
1971,663,32,5,421.39,36
1972,645,45,4,375.09,65
1973,387,3,1,464.11,95
1974,665,38,4,251.93,34
1975,731,24,2,293.16,92
1976,378,44,1,38.3,95
1977,262,48,5,121.05,16
1978,668,34,5,267.13,15
1979,311,37,2,413.22,36
1980,754,23,5,93.7,53
1981,163,23,3,99.04,85
1982,677,40,5,471.86,22
1983,227,46,4,90.16,49
1984,481,1,1,169.73,70
1985,518,7,2,144.59,72
1986,745,18,2,262.48,97
1987,196,43,4,31.04,90
1988,252,23,2,338.64,91
1989,564,44,3,336.98,39
1990,598,44,5,468.64,5
1991,550,47,5,200.33,25
1992,533,36,5,425.89,99
1993,233,30,3,92.84,98
1994,483,48,4,470.55,14
1995,649,38,2,130.16,17
1996,248,41,2,414.12,74
1997,27,6,3,198.8,93
1998,438,32,-1,241.98,35
1999,430,46,4,180.77,51
2000,711,12,2,313.03,98
